РАЙОН,Код на училището,Училище - име,Код на паралелката,Паралелка - име,Балообразуване,Бал/2025
ОБОРИЩЕ,2216306,"Софийска математическа гимназия  ""Паисий Хилендарски"", ГР.СОФИЯ",4486,Математически (математика и физика) - АЕ (РИЧЕ),(1 * БЕЛ + 3 * МАТ) + (1 * БЕЛ + 1 * М),493.25
ОБОРИЩЕ,2216306,"Софийска математическа гимназия  ""Паисий Хилендарски"", ГР.СОФИЯ",2277,Математически (математика и информатика) - АЕ (РИЧЕ),(1 * БЕЛ + 3 * МАТ) + (1 * БЕЛ + 1 * М),490.5
ОБОРИЩЕ,2216306,"Софийска математическа гимназия  ""Паисий Хилендарски"", ГР.СОФИЯ",5011,Математически (математика и физика) - НЕ (ИИЧЕ),(1 * БЕЛ + 3 * МАТ) + (1 * БЕЛ + 1 * М),490
ЛОЗЕНЕЦ,2211304,"Национална природо-математическа  гимназия ""Академик Любомир Чакалов"", ГР.СОФИЯ",814,Математически - АЕ М Инф,(1 * БЕЛ + 3 * МАТ) + (1 * БЕЛ + 1 * М),488
ОБОРИЩЕ,2216306,"Софийска математическа гимназия  ""Паисий Хилендарски"", ГР.СОФИЯ",3909,Математически (математика и информатика) - НЕ (ИИЧЕ),(1 * БЕЛ + 3 * МАТ) + (1 * БЕЛ + 1 * М),487.5
ЛОЗЕНЕЦ,2211304,"Национална природо-математическа  гимназия ""Академик Любомир Чакалов"", ГР.СОФИЯ",821,Математически - НЕ М Инф,(1 * БЕЛ + 3 * МАТ) + (1 * БЕЛ + 1 * М),487.5
ОБОРИЩЕ,2216164,"164. гимназия с преподаване  на испански език ""Мигел де Сервантес"", ГР.СОФИЯ",2561,"Чужди езици - ИЕ интензивно, АЕ",(2 * БЕЛ + 2 * МАТ) + (1 * БЕЛ + 1 * М),475.5
МЛАДОСТ,2213350,"Технологично училище ""Електронни системи"" към Технически Университет - София, ГР.СОФИЯ",4922,"Програмиране на изкуствен интелект - АЕ, НЕ",(1 * БЕЛ + 3 * МАТ) + (1 * М + 1 * ФА),474.75
ЛОЗЕНЕЦ,2211304,"Национална природо-математическа  гимназия ""Академик Любомир Чакалов"", ГР.СОФИЯ",843,Природни науки - АЕ ХООС БЗО,"(1 * БЕЛ + 2 * МАТ + 1 * ХИМ, ОК) + (1 * БЗО + 1 * ХООС) или (1 * БЕЛ + 2 * МАТ + 1 * НПМГ, Х) + (1 * БЗО + 1 * ХООС)",472.2
МЛАДОСТ,2213350,"Технологично училище ""Електронни системи"" към Технически Университет - София, ГР.СОФИЯ",4921,"Системно програмиране - АЕ, НЕ",(1 * БЕЛ + 3 * МАТ) + (1 * М + 1 * ФА),471.75
ВЪЗРАЖДАНЕ,2204091,"91.НЕМСКА ЕЗИКОВА ГИМНАЗИЯ Професор Константин Гълъбов"", ГР.СОФИЯ",2644,"Чужди езици - НЕ интензивно, АЕ",(2 * БЕЛ + 2 * МАТ) + (1 * БЕЛ + 1 * М),468.5
МЛАДОСТ,2213350,"Технологично училище ""Електронни системи"" към Технически Университет - София, ГР.СОФИЯ",2127,"Системно програмиране - АЕ, РЕ",(1 * БЕЛ + 3 * МАТ) + (1 * М + 1 * ФА),467.25
ОБОРИЩЕ,2216164,"164. гимназия с преподаване  на испански език ""Мигел де Сервантес"", ГР.СОФИЯ",2564,"Чужди езици - ИЕ интензивно, ИтЕ",(2 * БЕЛ + 2 * МАТ) + (1 * БЕЛ + 1 * М),467
ЛОЗЕНЕЦ,2211304,"Национална природо-математическа  гимназия ""Академик Любомир Чакалов"", ГР.СОФИЯ",847,Икономическо развитие - АЕ ГИ М,"(1 * БЕЛ + 2 * МАТ + 1 * ГЕО, ОК) + (1 * М + 1 * ГИ) или (1 * БЕЛ + 2 * МАТ + 1 * НПМГ, Г) + (1 * М + 1 * ГИ)",465
МЛАДОСТ,2213350,"Технологично училище ""Електронни системи"" към Технически Университет - София, ГР.СОФИЯ",2132,"Компютърни мрежи - АЕ, РЕ",(1 * БЕЛ + 3 * МАТ) + (1 * М + 1 * ФА),464.25
ТРИАДИЦА,2224073,"73.СУ с преподаване на чужди езици  ""Владислав Граматик"", ГР.СОФИЯ",2658,"Чужди езици - НЕ интензивно, АЕ",(2 * БЕЛ + 2 * МАТ) + (1 * БЕЛ + 1 * М),463.5
ОБОРИЩЕ,2216164,"164. гимназия с преподаване  на испански език ""Мигел де Сервантес"", ГР.СОФИЯ",2562,"Чужди езици - ИЕ интензивно, ФЕ",(2 * БЕЛ + 2 * МАТ) + (1 * БЕЛ + 1 * М),461.5
ОБОРИЩЕ,2216164,"164. гимназия с преподаване  на испански език ""Мигел де Сервантес"", ГР.СОФИЯ",2569,"Чужди езици - ИЕ интензивно, ПортЕ",(2 * БЕЛ + 2 * МАТ) + (1 * БЕЛ + 1 * М),461
ЛОЗЕНЕЦ,2211419,"СОФИЙСКА ГИМНАЗИЯ ПО СТРОИТЕЛСТВО, АРХИТЕКТУРА И ГЕОДЕЗИЯ  ""ХРИСТО БОТЕВ"", ГР.СОФИЯ",719,Строителство и архитектура - АЕ,(1 * БЕЛ + 3 * МАТ) + (1 * ФА + 1 * ИИ),460.75
ЛОЗЕНЕЦ,2211304,"Национална природо-математическа  гимназия ""Академик Любомир Чакалов"", ГР.СОФИЯ",835,Природни науки - АЕ БЗО ХООС,"(1 * БЕЛ + 1 * МАТ + 2 * БИО, ОК) + (1 * БЗО + 1 * ХООС) или (1 * БЕЛ + 1 * МАТ + 2 * НПМГ, Б) + (1 * БЗО + 1 * ХООС)",458.72
ЛОЗЕНЕЦ,2211304,"Национална природо-математическа  гимназия ""Академик Любомир Чакалов"", ГР.СОФИЯ",830,Математически - АЕ ФА М,"(1 * БЕЛ + 2 * МАТ + 1 * НПМГ, Ф) + (1 * М + 1 * ФА) или (1 * БЕЛ + 2 * МАТ + 1 * ФИЗ, ОК) + (1 * М + 1 * ФА)",458.38
ТРИАДИЦА,2224073,"73.СУ с преподаване на чужди езици  ""Владислав Граматик"", ГР.СОФИЯ",5128,"Математически - НЕ интензивно, РЕ, М и ФА",(2 * БЕЛ + 2 * МАТ) + (1 * БЕЛ + 1 * М),457
ТРИАДИЦА,2224073,"73.СУ с преподаване на чужди езици  ""Владислав Граматик"", ГР.СОФИЯ",2656,"Чужди езици - НЕ интензивно, ФЕ",(2 * БЕЛ + 2 * МАТ) + (1 * БЕЛ + 1 * М),456.5
ТРИАДИЦА,2206302,"Втора английска езикова гимназия  ""Томас Джеферсън"", ГР.СОФИЯ",2018,"Чужди езици - АЕ интензивно, НЕ",(2 * БЕЛ + 2 * МАТ) + (1 * БЕЛ + 1 * М),453
ЛОЗЕНЕЦ,2211419,"СОФИЙСКА ГИМНАЗИЯ ПО СТРОИТЕЛСТВО, АРХИТЕКТУРА И ГЕОДЕЗИЯ  ""ХРИСТО БОТЕВ"", ГР.СОФИЯ",973,Строителство и архитектура - НЕ,(1 * БЕЛ + 3 * МАТ) + (1 * ФА + 1 * ИИ),452.75
ТРИАДИЦА,2206302,"Втора английска езикова гимназия  ""Томас Джеферсън"", ГР.СОФИЯ",2025,"Чужди езици АЕ интензивно, ИЕ",(2 * БЕЛ + 2 * МАТ) + (1 * БЕЛ + 1 * М),452
ИЗГРЕВ,2205407,"СОФИЙСКА ПРОФЕСИОНАЛНА  ГИМНАЗИЯ по ЕЛЕКТРОНИКА ""Джон Атанасов"", ГР.СОФИЯ",2328,"Системно програмиране - АЕ, НЕ",(1 * БЕЛ + 3 * МАТ) + (1 * М + 1 * ФА),451
ТРИАДИЦА,2224432,"Професионална гимназия по дизайн ""Елисавета Вазова"", ГР.СОФИЯ",1292,Интериорен дизайн - ИтЕ,(3 * БЕЛ + 1 * МАТ) + (1 * ИИ + 1 * КМИТ),451
ОБОРИЩЕ,2216301,"Първа английска езикова гимназия, ГР.СОФИЯ",727,"Чужди езици - АЕ интензивно, НЕ",(2 * БЕЛ + 2 * МАТ) + (1 * БЕЛ + 1 * М),450.5
ТРИАДИЦА,2224073,"73.СУ с преподаване на чужди езици  ""Владислав Граматик"", ГР.СОФИЯ",5127,"Обществени науки - НЕ интензивно, РЕ, ИЦ и ГИ",(2 * БЕЛ + 2 * МАТ) + (1 * БЕЛ + 1 * М),449
ОБОРИЩЕ,2216301,"Първа английска езикова гимназия, ГР.СОФИЯ",3349,"Предприемачески - АЕ интензивно, НЕ",(2 * БЕЛ + 2 * МАТ) + (1 * БЕЛ + 1 * М),448.5
ОБОРИЩЕ,2216301,"Първа английска езикова гимназия, ГР.СОФИЯ",672,"Чужди езици - АЕ интензивно, ИЕ",(2 * БЕЛ + 2 * МАТ) + (1 * БЕЛ + 1 * М),448
ИЗГРЕВ,2205407,"СОФИЙСКА ПРОФЕСИОНАЛНА  ГИМНАЗИЯ по ЕЛЕКТРОНИКА ""Джон Атанасов"", ГР.СОФИЯ",2338,"Приложно програмиране - АЕ, НЕ",(1 * БЕЛ + 3 * МАТ) + (1 * М + 1 * ФА),447.75
ТРИАДИЦА,2206302,"Втора английска езикова гимназия  ""Томас Джеферсън"", ГР.СОФИЯ",2034,"Чужди езици - АЕ интензивно, РЕ",(2 * БЕЛ + 2 * МАТ) + (1 * БЕЛ + 1 * М),447.5
ТРИАДИЦА,2224022,"22 Средно езиково училище  ""Георги Стойков Раковски"", ГР.СОФИЯ",4766,"Хуманитарен - БЕЛ/Фил, ИЕ интензивно, АЕ",(2 * БЕЛ + 2 * МАТ) + (1 * БЕЛ + 1 * ИЦ),445.5
ОБОРИЩЕ,2216301,"Първа английска езикова гимназия, ГР.СОФИЯ",649,"Чужди езици - АЕ интензивно, РЕ",(2 * БЕЛ + 2 * МАТ) + (1 * БЕЛ + 1 * М),443.5
КРАСНО СЕЛО,2209051,"51 СРЕДНО УЧИЛИЩЕ ""ЕЛИСАВЕТА БАГРЯНА"", ГР.СОФИЯ",3998,"Компютърна анимация - АЕ интензивно, ИтЕ",(2 * БЕЛ + 2 * МАТ) + (1 * ИИ + 1 * КМИТ),443
ОБОРИЩЕ,2216301,"Първа английска езикова гимназия, ГР.СОФИЯ",752,"Чужди езици - АЕ интензивно, ФЕ",(2 * БЕЛ + 2 * МАТ) + (1 * БЕЛ + 1 * М),442
ТРИАДИЦА,2224432,"Професионална гимназия по дизайн ""Елисавета Вазова"", ГР.СОФИЯ",3856,Интериорен дизайн - ФЕ,(3 * БЕЛ + 1 * МАТ) + (1 * ИИ + 1 * КМИТ),440.25
СРЕДЕЦ,2222009,"9 Френска езикова гимназия  ""Алфонс дьо Ламартин"", ГР.СОФИЯ",2168,"Чужди езици - ФЕ интензивно,  НЕ",(2 * БЕЛ + 2 * МАТ) + (1 * БЕЛ + 1 * М),440
СЛАТИНА,2221031,"31 Средно училище за чужди езици  и математика ""Иван Вазов"", ГР.СОФИЯ",2766,"Чужди езици - ИЕ интензивно,   АЕ",(2 * БЕЛ + 2 * МАТ) + (1 * БЕЛ + 1 * ЧЕз),440
КРАСНО СЕЛО,2209051,"51 СРЕДНО УЧИЛИЩЕ ""ЕЛИСАВЕТА БАГРЯНА"", ГР.СОФИЯ",2291,"Изобразително изкуство - АЕ интензивно, ИтЕ",(1 * БЕЛ + 1 * МАТ + 2 * ИИ) + (1 * БЕЛ + 1 * ИИ),439.25
СРЕДЕЦ,2222009,"9 Френска езикова гимназия  ""Алфонс дьо Ламартин"", ГР.СОФИЯ",2158,"Чужди езици - ФЕ интензивно,   АЕ",(2 * БЕЛ + 2 * МАТ) + (1 * БЕЛ + 1 * М),438.5
ИЗГРЕВ,2205407,"СОФИЙСКА ПРОФЕСИОНАЛНА  ГИМНАЗИЯ по ЕЛЕКТРОНИКА ""Джон Атанасов"", ГР.СОФИЯ",4140,"Програмиране на роботи - АЕ, НЕ",(1 * БЕЛ + 3 * МАТ) + (1 * М + 1 * ФА),437
ЛОЗЕНЕЦ,2211035,"35. СРЕДНО ЕЗИКОВО УЧИЛИЩЕ  ""ДОБРИ ВОЙНИКОВ"", ГР.СОФИЯ",388,"Чужди езици - НЕ интензивно, РЕ",(2 * БЕЛ + 2 * МАТ) + (1 * БЕЛ + 1 * М),436
СЛАТИНА,2221031,"31 Средно училище за чужди езици  и математика ""Иван Вазов"", ГР.СОФИЯ",2755,"Чужди езици - АЕ интензивно,   ИЕ",(2 * БЕЛ + 2 * МАТ) + (1 * БЕЛ + 1 * ЧЕз),435.5
СРЕДЕЦ,2222009,"9 Френска езикова гимназия  ""Алфонс дьо Ламартин"", ГР.СОФИЯ",2163,"Чужди езици - ФЕ интензивно,  ИЕ",(2 * БЕЛ + 2 * МАТ) + (1 * БЕЛ + 1 * М),435
КРАСНО СЕЛО,2209051,"51 СРЕДНО УЧИЛИЩЕ ""ЕЛИСАВЕТА БАГРЯНА"", ГР.СОФИЯ",2276,"Компютърна графика - АЕ интензивно, Японски език",(2 * БЕЛ + 2 * МАТ) + (1 * ИИ + 1 * КМИТ),435
ТРИАДИЦА,2224022,"22 Средно езиково училище  ""Георги Стойков Раковски"", ГР.СОФИЯ",3635,"Природни науки БЗО, ХООС, ИЕ - интензивно, АЕ",(2 * БЕЛ + 2 * МАТ) + (1 * БЗО + 1 * ХООС),433.5
ЛОЗЕНЕЦ,2211419,"СОФИЙСКА ГИМНАЗИЯ ПО СТРОИТЕЛСТВО, АРХИТЕКТУРА И ГЕОДЕЗИЯ  ""ХРИСТО БОТЕВ"", ГР.СОФИЯ",762,Геодезия - АЕ,(1 * БЕЛ + 3 * МАТ) + (1 * ФА + 1 * ИИ),433.5
ТРИАДИЦА,2224433,"НАЦИОНАЛНА ТЪРГОВСКО - БАНКОВА ГИМНАЗИЯ, ГР.СОФИЯ",751,"Банково дело - АЕ интензивно, ИЕ",(2 * БЕЛ + 2 * МАТ) + (1 * БЕЛ + 1 * М),432.5
СРЕДЕЦ,2222009,"9 Френска езикова гимназия  ""Алфонс дьо Ламартин"", ГР.СОФИЯ",4338,"Чужди езици - ФЕ интензивно,   Латински език",(2 * БЕЛ + 2 * МАТ) + (1 * БЕЛ + 1 * М),432.5
ЛОЗЕНЕЦ,2211304,"Национална природо-математическа  гимназия ""Академик Любомир Чакалов"", ГР.СОФИЯ",4091,Природни науки - НЕ БЗО ХООС,"(1 * БЕЛ + 1 * МАТ + 1 * НПМГ, Х + 1 * НПМГ, Б) + (1 * БЗО + 1 * ХООС)",431.32
ВЪЗРАЖДАНЕ,2204032,"32. СРЕДНО УЧИЛИЩЕ С ИЗУЧАВАНЕ НА ЧУЖДИ  ЕЗИЦИ ""СВЕТИ КЛИМЕНТ ОХРИДСКИ"", ГР.СОФИЯ",3372,"Природни науки - АЕ интензивно, ИЕ, БЗО и ХООС",(2 * БЕЛ + 2 * МАТ) + (1 * БЕЛ + 1 * М),431
ТРИАДИЦА,2224022,"22 Средно езиково училище  ""Георги Стойков Раковски"", ГР.СОФИЯ",3017,"Природни науки - Биол, Хим, АЕ интензивно, НЕ",(2 * БЕЛ + 2 * МАТ) + (1 * БЗО + 1 * ХООС),431
ТРИАДИЦА,2224022,"22 Средно езиково училище  ""Георги Стойков Раковски"", ГР.СОФИЯ",2565,"Хуманитарен - БЕЛ/Фил, АЕ интензивно, ИЕ",(2 * БЕЛ + 2 * МАТ) + (1 * БЕЛ + 1 * ИЦ),431
ВЪЗРАЖДАНЕ,2204018,"18 Средно училище  ""Уилям Гладстон"", ГР.СОФИЯ",1637,"Чужди езици - ЯЕ интензивно, АЕ",(2 * БЕЛ + 2 * МАТ) + (1 * БЕЛ + 1 * М),431
ЛОЗЕНЕЦ,2211035,"35. СРЕДНО ЕЗИКОВО УЧИЛИЩЕ  ""ДОБРИ ВОЙНИКОВ"", ГР.СОФИЯ",390,"Чужди езици - ФЕ интензивно, РЕ",(2 * БЕЛ + 2 * МАТ) + (1 * БЕЛ + 1 * М),430.5
ТРИАДИЦА,2224022,"22 Средно езиково училище  ""Георги Стойков Раковски"", ГР.СОФИЯ",4767,"Обществени науки  - Ист/Фил, ИЕ интензивно, АЕ",(2 * БЕЛ + 2 * МАТ) + (1 * БЕЛ + 1 * ИЦ),430
СЛАТИНА,2221031,"31 Средно училище за чужди езици  и математика ""Иван Вазов"", ГР.СОФИЯ",2759,"Чужди езици - НЕ интензивно,   АЕ",(2 * БЕЛ + 2 * МАТ) + (1 * БЕЛ + 1 * ЧЕз),429
СРЕДЕЦ,2222133,"133 Средно училище  „Александър Сергеевич Пушкин”, ГР.СОФИЯ",2269,"Чужди езици - АЕ интензивно, РЕ",(2 * БЕЛ + 2 * МАТ) + (1 * БЕЛ + 1 * М),428.5
ЛОЗЕНЕЦ,2211035,"35. СРЕДНО ЕЗИКОВО УЧИЛИЩЕ  ""ДОБРИ ВОЙНИКОВ"", ГР.СОФИЯ",389,"Чужди езици - интензивно НЕ,  РЕ",(2 * БЕЛ + 2 * МАТ) + (1 * БЕЛ + 1 * М),428
ВЪЗРАЖДАНЕ,2204032,"32. СРЕДНО УЧИЛИЩЕ С ИЗУЧАВАНЕ НА ЧУЖДИ  ЕЗИЦИ ""СВЕТИ КЛИМЕНТ ОХРИДСКИ"", ГР.СОФИЯ",3371,"Софтуерни и хардуерни науки - АЕ интензивно, НЕ",(2 * БЕЛ + 2 * МАТ) + (1 * БЕЛ + 1 * М),428
ВЪЗРАЖДАНЕ,2204032,"32. СРЕДНО УЧИЛИЩЕ С ИЗУЧАВАНЕ НА ЧУЖДИ  ЕЗИЦИ ""СВЕТИ КЛИМЕНТ ОХРИДСКИ"", ГР.СОФИЯ",2771,"Чужди езици - АЕ интензивно, НЕ",(2 * БЕЛ + 2 * МАТ) + (1 * БЕЛ + 1 * М),427
ИЗГРЕВ,2205407,"СОФИЙСКА ПРОФЕСИОНАЛНА  ГИМНАЗИЯ по ЕЛЕКТРОНИКА ""Джон Атанасов"", ГР.СОФИЯ",2360,"Компютърни мрежи - АЕ, НЕ",(1 * БЕЛ + 3 * МАТ) + (1 * М + 1 * ФА),426.5
ВЪЗРАЖДАНЕ,2204032,"32. СРЕДНО УЧИЛИЩЕ С ИЗУЧАВАНЕ НА ЧУЖДИ  ЕЗИЦИ ""СВЕТИ КЛИМЕНТ ОХРИДСКИ"", ГР.СОФИЯ",2773,"Чужди езици - АЕ интензивно, ИЕ",(2 * БЕЛ + 2 * МАТ) + (1 * БЕЛ + 1 * М),426.5
ОБОРИЩЕ,2216001,"1 Средно  училище  ""Пенчо П. Славейков"", ГР.СОФИЯ",1906,"Хуманитарни науки - ИЕ интензивно, АЕ",(3 * БЕЛ + 1 * МАТ) + (1 * БЕЛ + 1 * ЧЕз),425.5
ТРИАДИЦА,2224022,"22 Средно езиково училище  ""Георги Стойков Раковски"", ГР.СОФИЯ",2577,"Обществени науки  - Ист/Фил, АЕ интензивно, ИЕ",(2 * БЕЛ + 2 * МАТ) + (1 * БЕЛ + 1 * ИЦ),424
СРЕДЕЦ,2222127,"127 СРЕДНО УЧИЛИЩЕ ""Иван Николаевич Денкоглу"", ГР.СОФИЯ",1362,"Хуманитарни науки - ИЕ интензивно, АЕ",(3 * БЕЛ + 1 * МАТ) + (1 * БЕЛ + 1 * М),423.25
ИЗГРЕВ,2205407,"СОФИЙСКА ПРОФЕСИОНАЛНА  ГИМНАЗИЯ по ЕЛЕКТРОНИКА ""Джон Атанасов"", ГР.СОФИЯ",2363,"Компютърна техника и технологии - АЕ, НЕ",(1 * БЕЛ + 3 * МАТ) + (1 * М + 1 * ФА),421.5
ЛОЗЕНЕЦ,2211035,"35. СРЕДНО ЕЗИКОВО УЧИЛИЩЕ  ""ДОБРИ ВОЙНИКОВ"", ГР.СОФИЯ",3505,"Природни науки - БЗО ХООС интензивно НЕ, РЕ",(2 * БЕЛ + 2 * МАТ) + (1 * БЕЛ + 1 * М),420.5
ОБОРИЩЕ,2216001,"1 Средно  училище  ""Пенчо П. Славейков"", ГР.СОФИЯ",1900,"Обществени науки - ИЕ интензивно, АЕ",(3 * БЕЛ + 1 * МАТ) + (1 * БЕЛ + 1 * ЧЕз),420.25
СРЕДЕЦ,2222127,"127 СРЕДНО УЧИЛИЩЕ ""Иван Николаевич Денкоглу"", ГР.СОФИЯ",1358,"Хуманитарни науки - АЕ интензивно, ИЕ",(3 * БЕЛ + 1 * МАТ) + (1 * БЕЛ + 1 * М),419.75
ВЪЗРАЖДАНЕ,2204018,"18 Средно училище  ""Уилям Гладстон"", ГР.СОФИЯ",1631,"Чужди езици - ФЕ интензивно, ИЕ",(2 * БЕЛ + 2 * МАТ) + (1 * БЕЛ + 1 * М),419
ТРИАДИЦА,2224433,"НАЦИОНАЛНА ТЪРГОВСКО - БАНКОВА ГИМНАЗИЯ, ГР.СОФИЯ",937,"Банково дело - НЕ интензивно, АЕ",(2 * БЕЛ + 2 * МАТ) + (1 * БЕЛ + 1 * М),418
ТРИАДИЦА,2224433,"НАЦИОНАЛНА ТЪРГОВСКО - БАНКОВА ГИМНАЗИЯ, ГР.СОФИЯ",802,"Икономическа информатика - АЕ интензивно, ИЕ",(2 * БЕЛ + 2 * МАТ) + (1 * БЕЛ + 1 * М),417.5
ЛОЗЕНЕЦ,2211419,"СОФИЙСКА ГИМНАЗИЯ ПО СТРОИТЕЛСТВО, АРХИТЕКТУРА И ГЕОДЕЗИЯ  ""ХРИСТО БОТЕВ"", ГР.СОФИЯ",735,Водно строителство - АЕ,(1 * БЕЛ + 3 * МАТ) + (1 * ФА + 1 * ИИ),417.25
СЛАТИНА,2221031,"31 Средно училище за чужди езици  и математика ""Иван Вазов"", ГР.СОФИЯ",3018,"Математически - АЕ интензивно, НЕ",(2 * БЕЛ + 2 * МАТ) + (1 * БЕЛ + 1 * М),417
ВЪЗРАЖДАНЕ,2204032,"32. СРЕДНО УЧИЛИЩЕ С ИЗУЧАВАНЕ НА ЧУЖДИ  ЕЗИЦИ ""СВЕТИ КЛИМЕНТ ОХРИДСКИ"", ГР.СОФИЯ",2775,"Чужди езици - АЕ интензивно, ФЕ",(2 * БЕЛ + 2 * МАТ) + (1 * БЕЛ + 1 * М),416.5
СРЕДЕЦ,2222133,"133 Средно училище  „Александър Сергеевич Пушкин”, ГР.СОФИЯ",2270,"Чужди езици - ФЕ интензивно, РЕ",(2 * БЕЛ + 2 * МАТ) + (1 * БЕЛ + 1 * М),416
ТРИАДИЦА,2224433,"НАЦИОНАЛНА ТЪРГОВСКО - БАНКОВА ГИМНАЗИЯ, ГР.СОФИЯ",788,"Електронна търговия - АЕ интензивно, ИЕ",(2 * БЕЛ + 2 * МАТ) + (1 * БЕЛ + 1 * М),415.5
ЛОЗЕНЕЦ,2211419,"СОФИЙСКА ГИМНАЗИЯ ПО СТРОИТЕЛСТВО, АРХИТЕКТУРА И ГЕОДЕЗИЯ  ""ХРИСТО БОТЕВ"", ГР.СОФИЯ",772,Парково строителство и озеленяване - АЕ,(1 * БЕЛ + 3 * МАТ) + (1 * БЗО + 1 * ИИ),415.5
СРЕДЕЦ,2222007,"7. СРЕДНО УЧИЛИЩЕ  ""СВ. СЕДМОЧИСЛЕНИЦИ"", ГР.СОФИЯ",359,"Чужди езици - АЕ интензивно, ИЕ",(3 * БЕЛ + 1 * МАТ) + (1 * БЕЛ + 1 * М),414.25
ЛОЗЕНЕЦ,2211035,"35. СРЕДНО ЕЗИКОВО УЧИЛИЩЕ  ""ДОБРИ ВОЙНИКОВ"", ГР.СОФИЯ",392,"Природни науки -  интензивно ФЕ, РЕ",(2 * БЕЛ + 2 * МАТ) + (1 * БЕЛ + 1 * М),413
ТРИАДИЦА,2224433,"НАЦИОНАЛНА ТЪРГОВСКО - БАНКОВА ГИМНАЗИЯ, ГР.СОФИЯ",779,"Бизнес администрация - ИЕ интензивно, АЕ",(2 * БЕЛ + 2 * МАТ) + (1 * БЕЛ + 1 * М),413
ВЪЗРАЖДАНЕ,2204018,"18 Средно училище  ""Уилям Гладстон"", ГР.СОФИЯ",897,"Математически - АЕ интензивно, НЕ; М и Инф",(2 * БЕЛ + 2 * МАТ) + (1 * БЕЛ + 1 * М),412
ВЪЗРАЖДАНЕ,2204032,"32. СРЕДНО УЧИЛИЩЕ С ИЗУЧАВАНЕ НА ЧУЖДИ  ЕЗИЦИ ""СВЕТИ КЛИМЕНТ ОХРИДСКИ"", ГР.СОФИЯ",2777,"Хуманитарни науки - АЕ интензивно, РЕ; БЕЛ и ИЦ",(2 * БЕЛ + 2 * МАТ) + (1 * БЕЛ + 1 * М),411.5
СРЕДЕЦ,2222012,"12 Средно  училище "" Цар Иван Асен II"", ГР.СОФИЯ",2209,"Чужди езици - НЕ интензивно, АЕ/РЕ по избор",(3 * БЕЛ + 1 * МАТ) + (1 * БЕЛ + 1 * ЧЕз),411.5
ЛОЗЕНЕЦ,2211419,"СОФИЙСКА ГИМНАЗИЯ ПО СТРОИТЕЛСТВО, АРХИТЕКТУРА И ГЕОДЕЗИЯ  ""ХРИСТО БОТЕВ"", ГР.СОФИЯ",748,Транспортно строителство - АЕ,(1 * БЕЛ + 3 * МАТ) + (1 * ФА + 1 * ИИ),411.5
ИЗГРЕВ,2205407,"СОФИЙСКА ПРОФЕСИОНАЛНА  ГИМНАЗИЯ по ЕЛЕКТРОНИКА ""Джон Атанасов"", ГР.СОФИЯ",2372,"Промишлена електроника - АЕ, НЕ",(1 * БЕЛ + 3 * МАТ) + (1 * М + 1 * ФА),411
ОБОРИЩЕ,2216001,"1 Средно  училище  ""Пенчо П. Славейков"", ГР.СОФИЯ",1907,"Природни науки - БЗО и ХООС - АЕ интензивно, ИЕ",(3 * БЕЛ + 1 * МАТ) + (1 * БЗО + 1 * ЧЕз),410
ТРИАДИЦА,2224432,"Професионална гимназия по дизайн ""Елисавета Вазова"", ГР.СОФИЯ",4855,Компютърна анимация - ИЕ,(3 * БЕЛ + 1 * МАТ) + (1 * ИИ + 1 * КМИТ),409.75
ТРИАДИЦА,2224432,"Професионална гимназия по дизайн ""Елисавета Вазова"", ГР.СОФИЯ",1294,Графичен дизайн - НЕ,(3 * БЕЛ + 1 * МАТ) + (1 * ИИ + 1 * КМИТ),409.5
ТРИАДИЦА,2224433,"НАЦИОНАЛНА ТЪРГОВСКО - БАНКОВА ГИМНАЗИЯ, ГР.СОФИЯ",775,"Застрахователно и осигурително дело - AE интензивно, ИЕ",(2 * БЕЛ + 2 * МАТ) + (1 * БЕЛ + 1 * М),408
ЛОЗЕНЕЦ,2211420,"НАЦИОНАЛНА ФИНАНСОВО-СТОПАНСКА ГИМНАЗИЯ, ГР.СОФИЯ",2754,Икономика и мениджмънт - АЕ,(2 * БЕЛ + 2 * МАТ) + (1 * БЕЛ + 1 * М),408
ВЪЗРАЖДАНЕ,2204018,"18 Средно училище  ""Уилям Гладстон"", ГР.СОФИЯ",3931,"Чужди езици - КорЕ интензивно, АЕ",(2 * БЕЛ + 2 * МАТ) + (1 * БЕЛ + 1 * М),407.5
ВЪЗРАЖДАНЕ,2204018,"18 Средно училище  ""Уилям Гладстон"", ГР.СОФИЯ",902,"Природни науки - НЕ интензивно, АЕ; БЗО и ХООС",(2 * БЕЛ + 2 * МАТ) + (1 * БЗО + 1 * ХООС),407.5
ИЗГРЕВ,2205119,"119 Средно училище ""Академик Михаил Арнаудов"", ГР.СОФИЯ",1522,Хуманитарни науки - АЕ интензивно,(3 * БЕЛ + 1 * МАТ) + (1 * БЕЛ + 1 * ИЦ),406
СРЕДЕЦ,2222127,"127 СРЕДНО УЧИЛИЩЕ ""Иван Николаевич Денкоглу"", ГР.СОФИЯ",4401,"Обществени науки - ИЕ разширено, АЕ",(3 * БЕЛ + 1 * МАТ) + (1 * БЕЛ + 1 * М),404.25
ТРИАДИЦА,2224433,"НАЦИОНАЛНА ТЪРГОВСКО - БАНКОВА ГИМНАЗИЯ, ГР.СОФИЯ",933,"Банково дело - ФЕ интензивно, АЕ",(2 * БЕЛ + 2 * МАТ) + (1 * БЕЛ + 1 * М),404
ЛОЗЕНЕЦ,2211420,"НАЦИОНАЛНА ФИНАНСОВО-СТОПАНСКА ГИМНАЗИЯ, ГР.СОФИЯ",3604,Икономика и мениджмънт - ИЕ,(2 * БЕЛ + 2 * МАТ) + (1 * БЕЛ + 1 * М),402
ИЗГРЕВ,2205105,"105. СРЕДНО УЧИЛИЩЕ  ""АТАНАС ДАЛЧЕВ"", ГР.СОФИЯ",2514,"Чужди езици - ИтЕ интензивно, АЕ",(3 * БЕЛ + 1 * МАТ) + (1 * БЕЛ + 1 * ЧЕз),402
ОБОРИЩЕ,2216001,"1 Средно  училище  ""Пенчо П. Славейков"", ГР.СОФИЯ",4880,"Маркетингови проучвания -  АЕ интензивно, ИЕ",(3 * БЕЛ + 1 * МАТ) + (1 * БЕЛ + 1 * ЧЕз),401.75
ТРИАДИЦА,2224433,"НАЦИОНАЛНА ТЪРГОВСКО - БАНКОВА ГИМНАЗИЯ, ГР.СОФИЯ",941,"Електронна търговия - РЕ интензивно, АЕ",(2 * БЕЛ + 2 * МАТ) + (1 * БЕЛ + 1 * М),401.5
ТРИАДИЦА,2224432,"Професионална гимназия по дизайн ""Елисавета Вазова"", ГР.СОФИЯ",1296,Рекламна графика - АЕ,(3 * БЕЛ + 1 * МАТ) + (1 * ИИ + 1 * КМИТ),400.5
ВЪЗРАЖДАНЕ,2204018,"18 Средно училище  ""Уилям Гладстон"", ГР.СОФИЯ",1647,"Чужди езици - КитЕ интензивно, АЕ",(2 * БЕЛ + 2 * МАТ) + (1 * БЕЛ + 1 * М),398
ВЪЗРАЖДАНЕ,2204018,"18 Средно училище  ""Уилям Гладстон"", ГР.СОФИЯ",905,"Природни науки - ФЕ интензивно, АЕ; БЗО и ХООС",(2 * БЕЛ + 2 * МАТ) + (1 * БЗО + 1 * ХООС),397
ЛОЗЕНЕЦ,2211420,"НАЦИОНАЛНА ФИНАНСОВО-СТОПАНСКА ГИМНАЗИЯ, ГР.СОФИЯ",2749,Икономическа информатика - АЕ,(2 * БЕЛ + 2 * МАТ) + (1 * БЕЛ + 1 * М),396
ЛОЗЕНЕЦ,2211420,"НАЦИОНАЛНА ФИНАНСОВО-СТОПАНСКА ГИМНАЗИЯ, ГР.СОФИЯ",2764,Икономика и мениджмънт - НЕ,(2 * БЕЛ + 2 * МАТ) + (1 * БЕЛ + 1 * М),395.5
СРЕДЕЦ,2222127,"127 СРЕДНО УЧИЛИЩЕ ""Иван Николаевич Денкоглу"", ГР.СОФИЯ",3148,"Предприемачески - ИЕ интензивно, АЕ",(2 * БЕЛ + 2 * МАТ) + (1 * БЕЛ + 1 * М),395.5
СРЕДЕЦ,2222127,"127 СРЕДНО УЧИЛИЩЕ ""Иван Николаевич Денкоглу"", ГР.СОФИЯ",1364,"Природни науки - АЕ интензивно, ИЕ",(2 * БЕЛ + 2 * МАТ) + (1 * БЕЛ + 1 * М),395.5
ВЪЗРАЖДАНЕ,2204134,"134. средно училище  ""Димчо Дебелянов"", ГР.СОФИЯ",1952,"Чужди езици - АЕ интензивно, Иврит",(3 * БЕЛ + 1 * МАТ) + (1 * БЕЛ + 1 * ЧЕз),394.5
ОБОРИЩЕ,2216001,"1 Средно  училище  ""Пенчо П. Славейков"", ГР.СОФИЯ",4407,"Икономическо развитие - АЕ разширено, ГИ",(3 * БЕЛ + 1 * МАТ) + (1 * БЕЛ + 1 * ГИ),394.25
СЛАТИНА,2221138,"138. СРЕДНО УЧИЛИЩЕ ЗА ЗАПАДНИ И ИЗТОЧНИ ЕЗИЦИ ""ПРОФ. ВАСИЛ ЗЛАТАРСКИ"", ГР.СОФИЯ",2456,"Чужди езици - ЯЕ интензивно,   АЕ",(3 * БЕЛ + 1 * МАТ) + (1 * БЕЛ + 1 * ЧЕз),394.25
ВЪЗРАЖДАНЕ,2204030,"30 СРЕДНО УЧИЛИЩЕ ""БРАТЯ МИЛАДИНОВИ"", ГР.СОФИЯ",1307,"Чужди езици - ИЕ интензивно, АЕ",(2 * БЕЛ + 2 * МАТ) + (1 * БЕЛ + 1 * ЧЕз),394
СРЕДЕЦ,2222133,"133 Средно училище  „Александър Сергеевич Пушкин”, ГР.СОФИЯ",2272,"Чужди езици - РЕ интензивно, АЕ",(2 * БЕЛ + 2 * МАТ) + (1 * БЕЛ + 1 * М),393
СРЕДЕЦ,2222127,"127 СРЕДНО УЧИЛИЩЕ ""Иван Николаевич Денкоглу"", ГР.СОФИЯ",1365,"Природни науки - ИЕ интензивно, АЕ",(2 * БЕЛ + 2 * МАТ) + (1 * БЕЛ + 1 * М),392
СРЕДЕЦ,2222007,"7. СРЕДНО УЧИЛИЩЕ  ""СВ. СЕДМОЧИСЛЕНИЦИ"", ГР.СОФИЯ",360,"Икономическо развитие - АЕ интензивно, НЕ",(2 * БЕЛ + 2 * МАТ) + (1 * ГИ + 1 * ЧЕз),391.5
ИЗГРЕВ,2205119,"119 Средно училище ""Академик Михаил Арнаудов"", ГР.СОФИЯ",1532,Чужди езици - РЕ интензивно,(3 * БЕЛ + 1 * МАТ) + (1 * БЕЛ + 1 * ЧЕз),391
ТРИАДИЦА,2224433,"НАЦИОНАЛНА ТЪРГОВСКО - БАНКОВА ГИМНАЗИЯ, ГР.СОФИЯ",777,"Оперативно счетоводство - РЕ интензивно, АЕ",(2 * БЕЛ + 2 * МАТ) + (1 * БЕЛ + 1 * М),390
ЛОЗЕНЕЦ,2211419,"СОФИЙСКА ГИМНАЗИЯ ПО СТРОИТЕЛСТВО, АРХИТЕКТУРА И ГЕОДЕЗИЯ  ""ХРИСТО БОТЕВ"", ГР.СОФИЯ",838,Брокер недвижими имоти - АЕ,(1 * БЕЛ + 3 * МАТ) + (1 * БЕЛ + 1 * ГИ),389.5
СРЕДЕЦ,2222127,"127 СРЕДНО УЧИЛИЩЕ ""Иван Николаевич Денкоглу"", ГР.СОФИЯ",1366,"Икономическо развитие - АЕ разширено, ИЕ",(2 * БЕЛ + 2 * МАТ) + (1 * БЕЛ + 1 * М),388.5
СРЕДЕЦ,2222007,"7. СРЕДНО УЧИЛИЩЕ  ""СВ. СЕДМОЧИСЛЕНИЦИ"", ГР.СОФИЯ",4450,"Природни науки - БЗО, ХООС, АЕ интензивно, НЕ",(2 * БЕЛ + 2 * МАТ) + (1 * БЗО + 1 * ЧЕз),388
ВЪЗРАЖДАНЕ,2204402,"НАЦИОНАЛНА ПРОФЕСИОНАЛНА ГИМНАЗИЯ  ПО ПРЕЦИЗНА ТЕХНИКА И ОПТИКА ""М. В. Ломоносов"", ГР.СОФИЯ",3955,Програмиране на изкуствен интелект - АЕ,(2 * БЕЛ + 2 * МАТ) + (1 * БЕЛ + 1 * М),388
ВИТОША,2202002,"2 Средно училище ""Академик Емилиян Станев "", ГР.СОФИЯ",957,"Предприемачески -АЕ интензивно, ИЕ, Предприемачество и ГИ",(3 * БЕЛ + 1 * МАТ) + (1 * БЕЛ + 1 * ЧЕз),387.25
ВИТОША,2202002,"2 Средно училище ""Академик Емилиян Станев "", ГР.СОФИЯ",958,"Хуманитарни науки - АЕ интензивно,  ИЕ, БЕЛ и ИЦ",(3 * БЕЛ + 1 * МАТ) + (1 * БЕЛ + 1 * ЧЕз),385
ЛОЗЕНЕЦ,2211420,"НАЦИОНАЛНА ФИНАНСОВО-СТОПАНСКА ГИМНАЗИЯ, ГР.СОФИЯ",4717,Икономика и мениджмънт - ФЕ,(2 * БЕЛ + 2 * МАТ) + (1 * БЕЛ + 1 * М),383.5
ЛОЗЕНЕЦ,2211420,"НАЦИОНАЛНА ФИНАНСОВО-СТОПАНСКА ГИМНАЗИЯ, ГР.СОФИЯ",3603,Икономическа информатика - НЕ,(2 * БЕЛ + 2 * МАТ) + (1 * БЕЛ + 1 * М),382.5
МЛАДОСТ,2213125,"125 СУ ""Боян Пенев"" с изучаване на чужди езици, ГР.СОФИЯ",1546,Хуманитарни науки - АЕ интензивно,(3 * БЕЛ + 1 * МАТ) + (1 * БЕЛ + 1 * ИЦ),381.75
ЛОЗЕНЕЦ,2211420,"НАЦИОНАЛНА ФИНАНСОВО-СТОПАНСКА ГИМНАЗИЯ, ГР.СОФИЯ",4388,Оперативно счетоводство - АЕ,(2 * БЕЛ + 2 * МАТ) + (1 * БЕЛ + 1 * М),381.5
СЕРДИКА,2220308,"Профилирана гимназия за изобразителни изкуства  ""Професор Николай Райнов"", ГР.СОФИЯ",1572,Компютърна графика,(1 * БЕЛ + 1 * МАТ + 2 * ИИ) + (1 * БЕЛ + 1 * ИИ),381.25
СЛАТИНА,2221023,"23 Средно училище ""Фредерик Жолио-Кюри"", ГР.СОФИЯ",916,"Чужди езици - ИтЕ интензивно, АЕ",(3 * БЕЛ + 1 * МАТ) + (1 * БЕЛ + 1 * ЧЕз),381
ЛОЗЕНЕЦ,2211417,"Професионална гимназия по облекло  ""Княгиня Мария Луиза"", ГР.СОФИЯ",462,"Моден дизайн - ИтЕ, АЕ",(3 * БЕЛ + 1 * МАТ) + (1 * ИИ + 1 * КМИТ),378.75
ИЗГРЕВ,2205119,"119 Средно училище ""Академик Михаил Арнаудов"", ГР.СОФИЯ",4079,Икономическо развитие - АЕ интензивно,(2 * БЕЛ + 2 * МАТ) + (1 * ГИ + 1 * ЧЕз),378.5
ИЗГРЕВ,2205119,"119 Средно училище ""Академик Михаил Арнаудов"", ГР.СОФИЯ",1526,Природни науки - АЕ интензивно,(2 * БЕЛ + 2 * МАТ) + (1 * БЗО + 1 * ХООС),378
СРЕДЕЦ,2222007,"7. СРЕДНО УЧИЛИЩЕ  ""СВ. СЕДМОЧИСЛЕНИЦИ"", ГР.СОФИЯ",4814,"Природни науки - БЗО, ХООС, АЕ интензивно, ФЕ",(2 * БЕЛ + 2 * МАТ) + (1 * БЗО + 1 * ЧЕз),376.5
ВЪЗРАЖДАНЕ,2204030,"30 СРЕДНО УЧИЛИЩЕ ""БРАТЯ МИЛАДИНОВИ"", ГР.СОФИЯ",1308,"Природни науки - ИЕ интензивно, АЕ",(2 * БЕЛ + 2 * МАТ) + (1 * БЗО + 1 * ЧЕз),374
СЛАТИНА,2221138,"138. СРЕДНО УЧИЛИЩЕ ЗА ЗАПАДНИ И ИЗТОЧНИ ЕЗИЦИ ""ПРОФ. ВАСИЛ ЗЛАТАРСКИ"", ГР.СОФИЯ",2451,"Чужди езици - КитЕ интензивно,    АЕ",(3 * БЕЛ + 1 * МАТ) + (1 * БЕЛ + 1 * ЧЕз),373.5
ВЪЗРАЖДАНЕ,2204134,"134. средно училище  ""Димчо Дебелянов"", ГР.СОФИЯ",1961,"Природни науки - АЕ интензивно, Иврит",(2 * БЕЛ + 2 * МАТ) + (1 * БЗО + 1 * ХООС),373
СРЕДЕЦ,2222012,"12 Средно  училище "" Цар Иван Асен II"", ГР.СОФИЯ",4446,"Предприемачески - АЕ интензивно, НЕ",(2 * БЕЛ + 2 * МАТ) + (1 * БЕЛ + 1 * КМИТ),373
ИЗГРЕВ,2205105,"105. СРЕДНО УЧИЛИЩЕ  ""АТАНАС ДАЛЧЕВ"", ГР.СОФИЯ",2543,"Екскурзоводско обслужване - ИтЕ интензивно, АЕ",(3 * БЕЛ + 1 * МАТ) + (1 * БЕЛ + 1 * ЧЕз),371
СЛАТИНА,2221138,"138. СРЕДНО УЧИЛИЩЕ ЗА ЗАПАДНИ И ИЗТОЧНИ ЕЗИЦИ ""ПРОФ. ВАСИЛ ЗЛАТАРСКИ"", ГР.СОФИЯ",1354,"Математически - АЕ интензивно, ИЕ",(2 * БЕЛ + 2 * МАТ) + (1 * БЕЛ + 1 * М),369.5
СТУДЕНТСКИ,2223431,"ПРОФЕСИОНАЛНА ГИМНАЗИЯ  ПО ТЕЛЕКОМУНИКАЦИИ, ГР.СОФИЯ",738,Системно програмиране - АЕ,(1 * БЕЛ + 3 * МАТ) + (1 * М + 1 * ФА),368.75
ВЪЗРАЖДАНЕ,2204030,"30 СРЕДНО УЧИЛИЩЕ ""БРАТЯ МИЛАДИНОВИ"", ГР.СОФИЯ",2602,"Природни науки - АЕ интензивно, ИЕ",(2 * БЕЛ + 2 * МАТ) + (1 * БЗО + 1 * ЧЕз),368.5
ТРИАДИЦА,2224121,"121 СРЕДНО УЧИЛИЩЕ ""ГЕОРГИ ИЗМИРЛИЕВ"", ГР.СОФИЯ",2647,"Предприемачески - ИЕ, АЕ",(3 * БЕЛ + 1 * МАТ) + (1 * ГИ + 1 * ЧЕз),368
СРЕДЕЦ,2222012,"12 Средно  училище "" Цар Иван Асен II"", ГР.СОФИЯ",2215,"Предприемачески - ФЕ интензивно, АЕ",(2 * БЕЛ + 2 * МАТ) + (1 * БЕЛ + 1 * КМИТ),367.5
ВЪЗРАЖДАНЕ,2204402,"НАЦИОНАЛНА ПРОФЕСИОНАЛНА ГИМНАЗИЯ  ПО ПРЕЦИЗНА ТЕХНИКА И ОПТИКА ""М. В. Ломоносов"", ГР.СОФИЯ",328,Компютърна техника и технологии - АЕ,(2 * БЕЛ + 2 * МАТ) + (1 * БЕЛ + 1 * М),367
ИЗГРЕВ,2205105,"105. СРЕДНО УЧИЛИЩЕ  ""АТАНАС ДАЛЧЕВ"", ГР.СОФИЯ",4826,"Интериорен дизайн - ИтЕ интензивно, АЕ",(2 * БЕЛ + 2 * МАТ) + (1 * ИИ + 1 * КМИТ),365
ИЛИНДЕН,2206003,"3. СУ  ""Марин Дринов"", ГР.СОФИЯ",2914,Графичен дизайн - АЕ,(3 * БЕЛ + 1 * МАТ) + (1 * ИИ + 1 * КМИТ),363.25
ВИТОША,2202002,"2 Средно училище ""Академик Емилиян Станев "", ГР.СОФИЯ",4702,"Програмиране на изкуствен интелект - английски интензивно, втори чужд език испански",(2 * БЕЛ + 2 * МАТ) + (1 * БЕЛ + 1 * М),363
ТРИАДИЦА,2224121,"121 СРЕДНО УЧИЛИЩЕ ""ГЕОРГИ ИЗМИРЛИЕВ"", ГР.СОФИЯ",4448,"Обществени науки - АЕ, ИЕ",(3 * БЕЛ + 1 * МАТ) + (1 * ИЦ + 1 * ГИ),360.75
СРЕДЕЦ,2222012,"12 Средно  училище "" Цар Иван Асен II"", ГР.СОФИЯ",2159,"Природни науки - АЕ интензивно, НЕ",(2 * БЕЛ + 2 * МАТ) + (1 * БЗО + 1 * ХООС),359
СТУДЕНТСКИ,2223055,"55 СРЕДНО УЧИЛИЩЕ  ""ПЕТКО КАРАВЕЛОВ"", ГР.СОФИЯ",5038,Програмиране на изкуствен интелект - АЕ,(2 * БЕЛ + 2 * МАТ) + (1 * КМИТ + 1 * ЧЕз),359
КРАСНО СЕЛО,2209019,"19 СРЕДНО УЧИЛИЩЕ  ""ЕЛИН ПЕЛИН"", ГР.СОФИЯ",4939,"Предприемачески - НЕ интензивно, НорвЕ",(2 * БЕЛ + 2 * МАТ) + (1 * ГИ + 1 * КМИТ),358
ВЪЗРАЖДАНЕ,2204134,"134. средно училище  ""Димчо Дебелянов"", ГР.СОФИЯ",1968,"Софтуерни и хардуерни науки - АЕ интензивно, Иврит",(2 * БЕЛ + 2 * МАТ) + (1 * БЕЛ + 1 * М),357
ВИТОША,2202002,"2 Средно училище ""Академик Емилиян Станев "", ГР.СОФИЯ",4565,"Програмиране на изкуствен интелект - английски интензивно, втори чужд език немски",(2 * БЕЛ + 2 * МАТ) + (1 * БЕЛ + 1 * М),357
СТУДЕНТСКИ,2223431,"ПРОФЕСИОНАЛНА ГИМНАЗИЯ  ПО ТЕЛЕКОМУНИКАЦИИ, ГР.СОФИЯ",743,Приложно програмиране - АЕ,(1 * БЕЛ + 3 * МАТ) + (1 * М + 1 * ФА),356
КРАСНО СЕЛО,2209019,"19 СРЕДНО УЧИЛИЩЕ  ""ЕЛИН ПЕЛИН"", ГР.СОФИЯ",4941,"Предприемачески - АЕ интензивно, ШвЕ",(2 * БЕЛ + 2 * МАТ) + (1 * ГИ + 1 * КМИТ),352.5
СЛАТИНА,2221138,"138. СРЕДНО УЧИЛИЩЕ ЗА ЗАПАДНИ И ИЗТОЧНИ ЕЗИЦИ ""ПРОФ. ВАСИЛ ЗЛАТАРСКИ"", ГР.СОФИЯ",2466,"Софтуерни и хардуени науки - АЕ интензивно, КорЕ",(2 * БЕЛ + 2 * МАТ) + (1 * БЕЛ + 1 * КМИТ),352.5
ВЪЗРАЖДАНЕ,2204402,"НАЦИОНАЛНА ПРОФЕСИОНАЛНА ГИМНАЗИЯ  ПО ПРЕЦИЗНА ТЕХНИКА И ОПТИКА ""М. В. Ломоносов"", ГР.СОФИЯ",317,Медицинска техника - НЕ,(2 * БЕЛ + 2 * МАТ) + (1 * БЕЛ + 1 * М),352
СТУДЕНТСКИ,2223055,"55 СРЕДНО УЧИЛИЩЕ  ""ПЕТКО КАРАВЕЛОВ"", ГР.СОФИЯ",2144,"Софтуерни и хардуерни науки - АЕ интензивно, НЕ",(2 * БЕЛ + 2 * МАТ) + (1 * КМИТ + 1 * ЧЕз),351.5
КРАСНО СЕЛО,2209305,"203 Профилирана езикова гимназия ""Свети Методий"", ГР.СОФИЯ",2904,"Чужди езици - АЕ интензивно,  НЕ или ИЕ",(3 * БЕЛ + 1 * МАТ) + (1 * БЕЛ + 1 * ЧЕз),349
СЛАТИНА,2221093,"93-то Средно училище ""Александър Теодоров - Балан"", ГР.СОФИЯ",2878,"Обществени науки - АЕ интензивно, РЕ",(3 * БЕЛ + 1 * МАТ) + (1 * БЕЛ + 1 * КМИТ),349
ЛОЗЕНЕЦ,2211021,"21 СРЕДНО УЧИЛИЩЕ ""ХРИСТО БОТЕВ"", ГР.СОФИЯ",3676,"Предприемачески - ИЕ интензивно, АЕ",(2 * БЕЛ + 2 * МАТ) + (1 * БЕЛ + 1 * М),348.5
ВЪЗРАЖДАНЕ,2204018,"18 Средно училище  ""Уилям Гладстон"", ГР.СОФИЯ",1642,"Хуманитарни науки - АрЕ интензивно, АЕ; БЕЛ и Фил",(2 * БЕЛ + 2 * МАТ) + (1 * БЕЛ + 1 * ИЦ),348.5
СЕРДИКА,2220029,"29. Средно училище  ""Кузман Шапкарев"", ГР.СОФИЯ",2408,Софтуерни и хардуерни науки - АЕ интензивно,(3 * БЕЛ + 1 * МАТ) + (1 * КМИТ + 1 * ЧЕз),347.5
ЛОЗЕНЕЦ,2211021,"21 СРЕДНО УЧИЛИЩЕ ""ХРИСТО БОТЕВ"", ГР.СОФИЯ",906,"Предприемачески - АЕ интензивно, ИЕ",(2 * БЕЛ + 2 * МАТ) + (1 * БЕЛ + 1 * М),347
КРАСНО СЕЛО,2209019,"19 СРЕДНО УЧИЛИЩЕ  ""ЕЛИН ПЕЛИН"", ГР.СОФИЯ",4940,"Предприемачески - НЕ интензивно, ДатЕ",(2 * БЕЛ + 2 * МАТ) + (1 * ГИ + 1 * КМИТ),346.5
СЛАТИНА,2221093,"93-то Средно училище ""Александър Теодоров - Балан"", ГР.СОФИЯ",2876,"Обществени науки - РЕ интензивно, АЕ",(3 * БЕЛ + 1 * МАТ) + (1 * ИЦ + 1 * КМИТ),342.5
МЛАДОСТ,2213125,"125 СУ ""Боян Пенев"" с изучаване на чужди езици, ГР.СОФИЯ",1557,Природни науки - АЕ интензивно,(2 * БЕЛ + 2 * МАТ) + (1 * ФА + 1 * БЗО),342
СЛАТИНА,2221023,"23 Средно училище ""Фредерик Жолио-Кюри"", ГР.СОФИЯ",930,"Предприемачески - АЕ, ИтЕ",(2 * БЕЛ + 2 * МАТ) + (1 * КМИТ + 1 * ЧЕз),341.5
ЛОЗЕНЕЦ,2211417,"Професионална гимназия по облекло  ""Княгиня Мария Луиза"", ГР.СОФИЯ",472,"Бутикови облекла - ИтЕ, АЕ",(3 * БЕЛ + 1 * МАТ) + (1 * ИИ + 1 * КМИТ),340
СЛАТИНА,2221023,"23 Средно училище ""Фредерик Жолио-Кюри"", ГР.СОФИЯ",939,"Икономическо развитие - АЕ, ИтЕ",(2 * БЕЛ + 2 * МАТ) + (1 * КМИТ + 1 * ЧЕз),337.5
ТРИАДИЦА,2224121,"121 СРЕДНО УЧИЛИЩЕ ""ГЕОРГИ ИЗМИРЛИЕВ"", ГР.СОФИЯ",2637,Софтуерни и хардуерни науки - АЕ; ИЕ,(2 * БЕЛ + 2 * МАТ) + (1 * М + 1 * КМИТ),337.5
ЛОЗЕНЕЦ,2211417,"Професионална гимназия по облекло  ""Княгиня Мария Луиза"", ГР.СОФИЯ",4674,"Театрален грим и перуки, АЕ, ФЕ",(3 * БЕЛ + 1 * МАТ) + (1 * ИИ + 1 * КМИТ),337
ИЛИНДЕН,2206003,"3. СУ  ""Марин Дринов"", ГР.СОФИЯ",4019,Фотография,(3 * БЕЛ + 1 * МАТ) + (1 * ИИ + 1 * КМИТ),335.5
ВЪЗРАЖДАНЕ,2204402,"НАЦИОНАЛНА ПРОФЕСИОНАЛНА ГИМНАЗИЯ  ПО ПРЕЦИЗНА ТЕХНИКА И ОПТИКА ""М. В. Ломоносов"", ГР.СОФИЯ",321,"Кинотехника, аудио- и видеосистеми - АЕ",(2 * БЕЛ + 2 * МАТ) + (1 * БЕЛ + 1 * М),333
ИЗГРЕВ,2205408,"Софийска професионална гимназия  ""Княгиня Евдокия"", ГР.СОФИЯ",4009,Фотография - АЕ,(3 * БЕЛ + 1 * МАТ) + (1 * ИИ + 1 * КМИТ),333
ВЪЗРАЖДАНЕ,2204402,"НАЦИОНАЛНА ПРОФЕСИОНАЛНА ГИМНАЗИЯ  ПО ПРЕЦИЗНА ТЕХНИКА И ОПТИКА ""М. В. Ломоносов"", ГР.СОФИЯ",325,Лазерна и оптична техника - АЕ,(2 * БЕЛ + 2 * МАТ) + (1 * БЕЛ + 1 * М),331
МЛАДОСТ,2213144,"144 Средно училище ""Народни будители"", ГР.СОФИЯ",1123,Рекламна графика - АЕ,(1 * БЕЛ + 1 * МАТ + 2 * ИИ) + (1 * БЕЛ + 1 * ИИ),329.5
КРАСНО СЕЛО,2209036,"36 Средно училище  ""Максим Горки"", ГР.СОФИЯ",778,"Екскурзоводско обслужване - ИтЕ интензивно, АЕ",(3 * БЕЛ + 1 * МАТ) + (1 * ГИ + 1 * ЧЕз),329.5
ЛОЗЕНЕЦ,2211417,"Професионална гимназия по облекло  ""Княгиня Мария Луиза"", ГР.СОФИЯ",505,"Сценичен костюм - АЕ, ФЕ",(3 * БЕЛ + 1 * МАТ) + (1 * ИИ + 1 * КМИТ),328
КРАСНО СЕЛО,2209305,"203 Профилирана езикова гимназия ""Свети Методий"", ГР.СОФИЯ",2910,"Предприемачески - АЕ интензивно, ИЕ или НЕ",(3 * БЕЛ + 1 * МАТ) + (1 * БЕЛ + 1 * ГИ),327.5
ВЪЗРАЖДАНЕ,2204402,"НАЦИОНАЛНА ПРОФЕСИОНАЛНА ГИМНАЗИЯ  ПО ПРЕЦИЗНА ТЕХНИКА И ОПТИКА ""М. В. Ломоносов"", ГР.СОФИЯ",324,Очна оптика - НЕ,(2 * БЕЛ + 2 * МАТ) + (1 * БЕЛ + 1 * М),327
СЕРДИКА,2220029,"29. Средно училище  ""Кузман Шапкарев"", ГР.СОФИЯ",4405,Софтуерни и хардуерни науки - ИЕ разширено,(3 * БЕЛ + 1 * МАТ) + (1 * КМИТ + 1 * ЧЕз),326.25
СЕРДИКА,2220029,"29. Средно училище  ""Кузман Шапкарев"", ГР.СОФИЯ",3515,Софтуерни и хардуерни науки /АЕ/,(3 * БЕЛ + 1 * МАТ) + (1 * ИИ + 1 * КМИТ),324.5
СТУДЕНТСКИ,2223431,"ПРОФЕСИОНАЛНА ГИМНАЗИЯ  ПО ТЕЛЕКОМУНИКАЦИИ, ГР.СОФИЯ",722,Компютърни мрежи - АЕ,(1 * БЕЛ + 3 * МАТ) + (1 * М + 1 * ФА),324.5
ИЗГРЕВ,2205408,"Софийска професионална гимназия  ""Княгиня Евдокия"", ГР.СОФИЯ",4290,"Театрален, кино и телевизионен декор - АЕ",(3 * БЕЛ + 1 * МАТ) + (1 * ИИ + 1 * КМИТ),322
ИЗГРЕВ,2205408,"Софийска професионална гимназия  ""Княгиня Евдокия"", ГР.СОФИЯ",2837,Съдебна администрация - АЕ,(3 * БЕЛ + 1 * МАТ) + (1 * ИЦ + 1 * ЧЕз),321
СЛАТИНА,2221157,"157 Гимназия с изучаване на чужд език ""Сесар Вайехо"", ГР.СОФИЯ",1023,"Чужди езици - ИЕ интензивно, АЕ",(2 * БЕЛ + 2 * МАТ) + (1 * БЕЛ + 1 * М),318
СЛАТИНА,2221093,"93-то Средно училище ""Александър Теодоров - Балан"", ГР.СОФИЯ",4038,"Софтуерни и хардуерни науки - АЕ интензивно, РЕ",(2 * БЕЛ + 2 * МАТ) + (1 * ИИ + 1 * КМИТ),318
МЛАДОСТ,2213081,"81. Средно училище  ""Виктор Юго"", ГР.СОФИЯ",2579,Хуманитарни науки,(3 * БЕЛ + 1 * МАТ) + (1 * БЕЛ + 1 * ФВС),313.5
ОВЧА КУПЕЛ,2217151,"НАЦИОНАЛНО СРЕДНО УЧИЛИЩЕ ""СОФИЯ"", ГР.СОФИЯ",4623,Изобразително изкуство - АЕ,(1 * БЕЛ + 1 * МАТ + 2 * ИИ) + (1 * ИИ + 1 * ЧЕз),312
ВЪЗРАЖДАНЕ,2204402,"НАЦИОНАЛНА ПРОФЕСИОНАЛНА ГИМНАЗИЯ  ПО ПРЕЦИЗНА ТЕХНИКА И ОПТИКА ""М. В. Ломоносов"", ГР.СОФИЯ",319,Измервателна и организационна техника - АЕ,(2 * БЕЛ + 2 * МАТ) + (1 * БЕЛ + 1 * М),311.5
НАДЕЖДА,2214054,"54. СРЕДНО УЧИЛИЩЕ ""Свети ИВАН РИЛСКИ"", ГР.СОФИЯ",749,"Чужди езици - АЕ интензивно, ИЕ",(3 * БЕЛ + 1 * МАТ) + (1 * БЕЛ + 1 * ЧЕз),310.5
ТРИАДИЦА,2224047,"47 Средно училище ""Христо Груев Данов"", ГР.СОФИЯ",4439,"Предприемачески - АЕ разширено, ИЕ",(2 * БЕЛ + 2 * МАТ) + (1 * ГИ + 1 * КМИТ),310
КРАСНО СЕЛО,2209036,"36 Средно училище  ""Максим Горки"", ГР.СОФИЯ",784,"Природни науки - АЕ интензивно, ИтЕ",(2 * БЕЛ + 2 * МАТ) + (1 * БЗО + 1 * ХООС),310
ТРИАДИЦА,2224047,"47 Средно училище ""Христо Груев Данов"", ГР.СОФИЯ",515,"Предприемачески - АЕ интензивно, НЕ",(2 * БЕЛ + 2 * МАТ) + (1 * ГИ + 1 * КМИТ),307.5
ИЗГРЕВ,2205408,"Софийска професионална гимназия  ""Княгиня Евдокия"", ГР.СОФИЯ",2843,Фризьорство,(3 * БЕЛ + 1 * МАТ) + (1 * БЗО + 1 * ИИ),307.25
СЕРДИКА,2220029,"29. Средно училище  ""Кузман Шапкарев"", ГР.СОФИЯ",4459,"Природни науки - АЕ разширено, БЗО и ХООС",(3 * БЕЛ + 1 * МАТ) + (1 * БЗО + 1 * ЧЕз),307
МЛАДОСТ,2213128,"128 СРЕДНО УЧИЛИЩЕ ""АЛБЕРТ АЙНЩАЙН"", ГР.СОФИЯ",1660,Софтуерни и хардуерни науки - АЕ,(2 * БЕЛ + 2 * МАТ) + (1 * БЕЛ + 1 * М),306.5
КРАСНО СЕЛО,2209305,"203 Профилирана езикова гимназия ""Свети Методий"", ГР.СОФИЯ",3271,"Природни науки - АЕ интензивно, ИЕ или НЕ",(3 * БЕЛ + 1 * МАТ) + (1 * БЕЛ + 1 * БЗО),306.5
ИЗГРЕВ,2205408,"Софийска професионална гимназия  ""Княгиня Евдокия"", ГР.СОФИЯ",2845,Козметика,(3 * БЕЛ + 1 * МАТ) + (1 * БЗО + 1 * ИИ),306
ИЛИНДЕН,2212303,"33. Езикова гимназия  ""Света София"", ГР.СОФИЯ",2774,"Чужди езици - АЕ интензивно, ФЕ или РЕ",(2 * БЕЛ + 2 * МАТ) + (1 * БЕЛ + 1 * М),306
ЛОЗЕНЕЦ,2211417,"Професионална гимназия по облекло  ""Княгиня Мария Луиза"", ГР.СОФИЯ",491,"Конструиране, моделиране и технология на облекло от текстил - АЕ, ФЕ",(3 * БЕЛ + 1 * МАТ) + (1 * ИИ + 1 * КМИТ),306
ИЗГРЕВ,2205408,"Софийска професионална гимназия  ""Княгиня Евдокия"", ГР.СОФИЯ",4292,"Художествено осветление за театър, кино и телевизия - АЕ",(3 * БЕЛ + 1 * МАТ) + (1 * ИИ + 1 * КМИТ),304
ИЛИНДЕН,2212303,"33. Езикова гимназия  ""Света София"", ГР.СОФИЯ",2762,"Предприемачески - АЕ интензивно, НЕ",(2 * БЕЛ + 2 * МАТ) + (1 * М + 1 * КМИТ),302.5
ПОДУЯНЕ,2219044,"44. Средно училище ""Неофит Бозвели"", ГР.СОФИЯ",1536,"Софтуерни и хардуерни науки - АЕ интензивно, ИЕ",(2 * БЕЛ + 2 * МАТ) + (1 * КМИТ + 1 * ЧЕз),302
СТУДЕНТСКИ,2223431,"ПРОФЕСИОНАЛНА ГИМНАЗИЯ  ПО ТЕЛЕКОМУНИКАЦИИ, ГР.СОФИЯ",707,Електронна търговия - АЕ,(1 * БЕЛ + 3 * МАТ) + (1 * М + 1 * ФА),301.5
СТУДЕНТСКИ,2223431,"ПРОФЕСИОНАЛНА ГИМНАЗИЯ  ПО ТЕЛЕКОМУНИКАЦИИ, ГР.СОФИЯ",730,Компютърна техника и технологии - АЕ,(1 * БЕЛ + 3 * МАТ) + (1 * М + 1 * ФА),300.5
КРАСНО СЕЛО,2209132,"132. Средно училище  ""Ваня Войнова"", ГР.СОФИЯ",4283,Пространствен дизайн,(3 * БЕЛ + 1 * МАТ) + (1 * ИИ + 1 * КМИТ),299.75
НАДЕЖДА,2214101,"101. СРЕДНО УЧИЛИЩЕ ""БАЧО КИРО"", ГР.СОФИЯ",2886,"Икономическо развитие - АЕ интензивно, НЕ",(3 * БЕЛ + 1 * МАТ) + (1 * ГИ + 1 * КМИТ),299.5
МЛАДОСТ,2213010,"10 Средно училище  "" Теодор Траянов "", ГР.СОФИЯ",2101,"Обществени науки - АЕ, ИЕ",(3 * БЕЛ + 1 * МАТ) + (1 * ИЦ + 1 * ГИ),297.75
КРАСНО СЕЛО,2209305,"203 Профилирана езикова гимназия ""Свети Методий"", ГР.СОФИЯ",4980,"Обществени науки - АЕ интензивно,  ИЕ или НЕ",(3 * БЕЛ + 1 * МАТ) + (1 * БЕЛ + 1 * ИЦ),296.25
СЕРДИКА,2204311,"Профилирана гимназия с интензивно изучаване на румънски език  ""МИХАЙ ЕМИНЕСКУ"", ГР.СОФИЯ",2935,"Хуманитарни науки - ИЕ интензивно, РумЕ, БЕЛ и Философия",(3 * БЕЛ + 1 * МАТ) + (1 * БЕЛ + 1 * ЧЕз),292
ИЛИНДЕН,2212303,"33. Езикова гимназия  ""Света София"", ГР.СОФИЯ",2797,"Екскурзоводско обслужване - АЕ интензивно, ИЕ",(2 * БЕЛ + 2 * МАТ) + (1 * БЕЛ + 1 * ГИ),287.5
СТУДЕНТСКИ,2223431,"ПРОФЕСИОНАЛНА ГИМНАЗИЯ  ПО ТЕЛЕКОМУНИКАЦИИ, ГР.СОФИЯ",3215,Телекомуникационни системи-АЕ,(1 * БЕЛ + 3 * МАТ) + (1 * М + 1 * ФА),287.5
МЛАДОСТ,2213144,"144 Средно училище ""Народни будители"", ГР.СОФИЯ",3559,Рекламна графика - ИЕ,(1 * БЕЛ + 1 * МАТ + 2 * ИИ) + (1 * БЕЛ + 1 * ИИ),287.5
ИЗГРЕВ,2205408,"Софийска професионална гимназия  ""Княгиня Евдокия"", ГР.СОФИЯ",3381,Промишлен дизайн - АЕ,(2 * БЕЛ + 2 * МАТ) + (1 * ИИ + 1 * КМИТ),285
КРАСНО СЕЛО,2209305,"203 Профилирана езикова гимназия ""Свети Методий"", ГР.СОФИЯ",2909,"Природни науки -  ИЕ интензивно, НЕ или АЕ",(2 * БЕЛ + 2 * МАТ) + (1 * БЕЛ + 1 * М),283
СТУДЕНТСКИ,2223431,"ПРОФЕСИОНАЛНА ГИМНАЗИЯ  ПО ТЕЛЕКОМУНИКАЦИИ, ГР.СОФИЯ",746,Икономическа информатика - АЕ,(1 * БЕЛ + 3 * МАТ) + (1 * М + 1 * ФА),282.5
ТРИАДИЦА,2224047,"47 Средно училище ""Христо Груев Данов"", ГР.СОФИЯ",3873,"Предприемачески - НЕ разширено, АЕ",(2 * БЕЛ + 2 * МАТ) + (1 * ГИ + 1 * КМИТ),282
ЛЮЛИН,2212096,"96 Средно училище ""Лев Николаевич Толстой"", ГР.СОФИЯ",903,"Обществени науки - АЕ интензивно, ИЕ/РЕ",(3 * БЕЛ + 1 * МАТ) + (1 * БЕЛ + 1 * ЧЕз),281.5
МЛАДОСТ,2213081,"81. Средно училище  ""Виктор Юго"", ГР.СОФИЯ",4739,Хуманитарни науки - ЯЕ,(3 * БЕЛ + 1 * МАТ) + (1 * БЕЛ + 1 * ИЦ),280
МЛАДОСТ,2213118,"118 Средно училище  ""Академик Людмил Стоянов"", ГР.СОФИЯ",2943,"Софтуерни и хардуерни науки - АЕ интензивно, ИЕ",(2 * БЕЛ + 2 * МАТ) + (1 * М + 1 * ЧЕз),279
ИСКЪР,2207108,"108 Средно училище  ""Никола Беловеждов"", ГР.СОФИЯ",1852,"Предприемачески  - АЕ разширено, РЕ",(3 * БЕЛ + 1 * МАТ) + (1 * ГИ + 1 * КМИТ),278.75
ИЛИНДЕН,2206410,"ПРОФЕСИОНАЛНА ГИМНАЗИЯ ПО ВИСОКИ ТЕХНОЛОГИИ ""А. С. ПОПОВ"", ГР.СОФИЯ",4500,Програмиране на изкуствен интелект - АЕ интензивно; втори ЧЕ - Китайски език,(1 * БЕЛ + 3 * МАТ) + (1 * М + 1 * КМИТ),276
МЛАДОСТ,2213128,"128 СРЕДНО УЧИЛИЩЕ ""АЛБЕРТ АЙНЩАЙН"", ГР.СОФИЯ",1670,Икономическо информационно осигуряване - АЕ,(2 * БЕЛ + 2 * МАТ) + (1 * БЕЛ + 1 * М),276
ИЗГРЕВ,2205408,"Софийска професионална гимназия  ""Княгиня Евдокия"", ГР.СОФИЯ",3382,Индустриални отношения - АЕ,(3 * БЕЛ + 1 * МАТ) + (1 * ГИ + 1 * ЧЕз),275.75
МЛАДОСТ,2213081,"81. Средно училище  ""Виктор Юго"", ГР.СОФИЯ",2566,Чужди езици - АЕ интензивно,(2 * БЕЛ + 2 * МАТ) + (1 * БЕЛ + 1 * М),275.5
ПОДУЯНЕ,2219044,"44. Средно училище ""Неофит Бозвели"", ГР.СОФИЯ",1538,"Софтуерни и хардуерни науки - НЕ интензивно, АЕ",(2 * БЕЛ + 2 * МАТ) + (1 * КМИТ + 1 * ЧЕз),275.5
ВЪЗРАЖДАНЕ,2204403,"ПРОФЕСИОНАЛНА ГИМНАЗИЯ  ПО ТЕКСТИЛНИ И КОЖЕНИ ИЗДЕЛИЯ, ГР.СОФИЯ",3251,Моден дизайн - АЕ,(3 * БЕЛ + 1 * МАТ) + (1 * ИИ + 1 * КМИТ),273.5
ИЛИНДЕН,2212303,"33. Езикова гимназия  ""Света София"", ГР.СОФИЯ",2767,"Чужди езици - АЕ интензивно, КитЕ/ГрЕ",(2 * БЕЛ + 2 * МАТ) + (1 * БЕЛ + 1 * М),269.5
ИЛИНДЕН,2212303,"33. Езикова гимназия  ""Света София"", ГР.СОФИЯ",2778,"Чужди езици - ФЕ интензивно, АЕ",(2 * БЕЛ + 2 * МАТ) + (1 * БЕЛ + 1 * М),267.5
МЛАДОСТ,2213118,"118 Средно училище  ""Академик Людмил Стоянов"", ГР.СОФИЯ",4462,"Софтуерни и хардуерни науки - АЕ интензивно, НЕ",(2 * БЕЛ + 2 * МАТ) + (1 * М + 1 * ЧЕз),264
МЛАДОСТ,2213039,"39 Средно училище ""Петър Динеков"", ГР.СОФИЯ",1802,"Софтуерни и хардуерни науки - АЕ интензивно, РЕ/ИЕ",(2 * БЕЛ + 2 * МАТ) + (1 * КМИТ + 1 * ЧЕз),260
ИЗГРЕВ,2205408,"Софийска професионална гимназия  ""Княгиня Евдокия"", ГР.СОФИЯ",2840,Икономическо информационно осигуряване - АЕ,(2 * БЕЛ + 2 * МАТ) + (1 * КМИТ + 1 * ЧЕз),257
НОВИ ИСКЪР,2215170,"170 Средно  училище ""Васил Левски"", ГР.НОВИ ИСКЪР",2972,Компютърна графика- АЕ,(3 * БЕЛ + 1 * МАТ) + (1 * БЕЛ + 1 * М),256.5
ОБОРИЩЕ,2216423,"СОФИЙСКА ПРОФЕСИОНАЛНА ГИМНАЗИЯ ПО ТУРИЗЪМ, ГР.СОФИЯ",1285,Организация на хотелиерството - АЕ,(2 * БЕЛ + 2 * МАТ) + (1 * ГИ + 1 * БЗО),254.5
ИЛИНДЕН,2206409,"Професионална гимназия по транспорт и енергетика ""Хенри Форд"", ГР.СОФИЯ",2367,Автомобилна мехатроника (дуална) - АЕ,(2 * БЕЛ + 2 * МАТ) + (1 * ФА + 1 * КМИТ),254
НАДЕЖДА,2214101,"101. СРЕДНО УЧИЛИЩЕ ""БАЧО КИРО"", ГР.СОФИЯ",2889,"Софтуерни и хардуерни науки - АЕ интензивно, НЕ",(2 * БЕЛ + 2 * МАТ) + (1 * М + 1 * КМИТ),253
ЛЮЛИН,2212097,"97 Средно училище  ""Братя Миладинови"", ГР.СОФИЯ",2506,Софтуерни и хардуерни науки - АЕ разширено,(3 * БЕЛ + 1 * МАТ) + (1 * КМИТ + 1 * ЧЕз),252
ИЛИНДЕН,2206410,"ПРОФЕСИОНАЛНА ГИМНАЗИЯ ПО ВИСОКИ ТЕХНОЛОГИИ ""А. С. ПОПОВ"", ГР.СОФИЯ",2769,Системно програмиране - АЕ интензивно; - втори ЧЕ - Немски език,(1 * БЕЛ + 3 * МАТ) + (1 * М + 1 * КМИТ),252
СЕРДИКА,2204311,"Профилирана гимназия с интензивно изучаване на румънски език  ""МИХАЙ ЕМИНЕСКУ"", ГР.СОФИЯ",4299,"Хуманитарни науки - ИтЕ интензивно, РумЕ, БЕЛ, ИЦ",(3 * БЕЛ + 1 * МАТ) + (1 * БЕЛ + 1 * ЧЕз),251.5
ИЛИНДЕН,2206410,"ПРОФЕСИОНАЛНА ГИМНАЗИЯ ПО ВИСОКИ ТЕХНОЛОГИИ ""А. С. ПОПОВ"", ГР.СОФИЯ",2760,Приложно програмиране - АЕ интензивно; втори ЧЕ - Немски език,(1 * БЕЛ + 3 * МАТ) + (1 * М + 1 * КМИТ),250.5
СТУДЕНТСКИ,2223008,"8. Средно училище ""Васил Левски"", ГР.СОФИЯ",4284,"Предприемачески - АЕ разширено, РЕ",(2 * БЕЛ + 2 * МАТ) + (1 * ГИ + 1 * КМИТ),248
ВРЪБНИЦА,2203140,"140. СРЕДНО УЧИЛИЩЕ ""ИВАН БОГОРОВ"", ГР.СОФИЯ",1904,Графичен дизайн,(1 * БЕЛ + 1 * МАТ + 2 * ИИ) + (1 * ИИ + 1 * КМИТ),247.5
ОБОРИЩЕ,2216423,"СОФИЙСКА ПРОФЕСИОНАЛНА ГИМНАЗИЯ ПО ТУРИЗЪМ, ГР.СОФИЯ",1287,Екскурзоводско обслужване - АЕ,(2 * БЕЛ + 2 * МАТ) + (1 * ГИ + 1 * БЗО),246.5
НАДЕЖДА,2214054,"54. СРЕДНО УЧИЛИЩЕ ""Свети ИВАН РИЛСКИ"", ГР.СОФИЯ",4040,"Икономическо развитие - АЕ интензивно, НЕ",(3 * БЕЛ + 1 * МАТ) + (1 * БЕЛ + 1 * ГИ),246.25
ИЗГРЕВ,2205408,"Софийска професионална гимназия  ""Княгиня Евдокия"", ГР.СОФИЯ",2842,Извършване на термални процедури - АЕ,(3 * БЕЛ + 1 * МАТ) + (1 * БЗО + 1 * ЧЕз),245.5
ВИТОША,2202026,"26 Средно училище  ""Йордан Йовков"", ГР.СОФИЯ",965,"Софтуерни и хардуерни науки - АЕ интензивно, РЕ",(2 * БЕЛ + 2 * МАТ) + (1 * КМИТ + 1 * ЧЕз),245
ЛЮЛИН,2212097,"97 Средно училище  ""Братя Миладинови"", ГР.СОФИЯ",2512,Търговия (дуална) - АЕ разширено,(3 * БЕЛ + 1 * МАТ) + (1 * ГИ + 1 * КМИТ),244.5
ЛЮЛИН,2212137,"137 средно училище  ""Ангел Кънчев"", ГР.СОФИЯ",1834,"Предприемачески - АЕ интензивно, НЕ",(2 * БЕЛ + 2 * МАТ) + (1 * БЕЛ + 1 * М),243.5
ИЛИНДЕН,2206410,"ПРОФЕСИОНАЛНА ГИМНАЗИЯ ПО ВИСОКИ ТЕХНОЛОГИИ ""А. С. ПОПОВ"", ГР.СОФИЯ",2752,Компютърни мрежи - АЕ  - разширено; втори ЧЕ - Испански език,(1 * БЕЛ + 3 * МАТ) + (1 * М + 1 * КМИТ),242.75
НОВИ ИСКЪР,2215170,"170 Средно  училище ""Васил Левски"", ГР.НОВИ ИСКЪР",3971,Организация на туризма и свободното време - АЕ,(3 * БЕЛ + 1 * МАТ) + (1 * БЕЛ + 1 * М),241
ИЛИНДЕН,2206409,"Професионална гимназия по транспорт и енергетика ""Хенри Форд"", ГР.СОФИЯ",2380,Ремонт на летателни апарати - АЕ,(2 * БЕЛ + 2 * МАТ) + (1 * ФА + 1 * КМИТ),237.5
СЕРДИКА,2204311,"Профилирана гимназия с интензивно изучаване на румънски език  ""МИХАЙ ЕМИНЕСКУ"", ГР.СОФИЯ",2934,"Чужди езици - РумЕ интензивно, АЕ",(3 * БЕЛ + 1 * МАТ) + (1 * БЕЛ + 1 * ЧЕз),237.5
ИСКЪР,2207108,"108 Средно училище  ""Никола Беловеждов"", ГР.СОФИЯ",5067,"Сътрудник в малък и среден бизнес - АЕ разширено, НЕ",(3 * БЕЛ + 1 * МАТ) + (1 * ГИ + 1 * КМИТ),237.25
МЛАДОСТ,2213010,"10 Средно училище  "" Теодор Траянов "", ГР.СОФИЯ",3075,"Природни науки - АЕ, ИЕ",(2 * БЕЛ + 2 * МАТ) + (1 * БЗО + 1 * ХООС),237
ОВЧА КУПЕЛ,2217151,"НАЦИОНАЛНО СРЕДНО УЧИЛИЩЕ ""СОФИЯ"", ГР.СОФИЯ",5108,Природни науки - АЕ,(2 * БЕЛ + 2 * МАТ) + (1 * БЗО + 1 * ХООС),235
МЛАДОСТ,2213039,"39 Средно училище ""Петър Динеков"", ГР.СОФИЯ",4110,"Предприемачески - АЕ интензивно, РЕ/ИЕ",(2 * БЕЛ + 2 * МАТ) + (1 * КМИТ + 1 * ЧЕз),233
ОБОРИЩЕ,2216423,"СОФИЙСКА ПРОФЕСИОНАЛНА ГИМНАЗИЯ ПО ТУРИЗЪМ, ГР.СОФИЯ",1281,Кетъринг - ИЕ,(2 * БЕЛ + 2 * МАТ) + (1 * ГИ + 1 * БЗО),232.5
ОБОРИЩЕ,2216423,"СОФИЙСКА ПРОФЕСИОНАЛНА ГИМНАЗИЯ ПО ТУРИЗЪМ, ГР.СОФИЯ",1283,Производство и обслужване в заведенията за хранене и развлечения - ИтЕ,(2 * БЕЛ + 2 * МАТ) + (1 * ГИ + 1 * БЗО),232.5
ОБОРИЩЕ,2216423,"СОФИЙСКА ПРОФЕСИОНАЛНА ГИМНАЗИЯ ПО ТУРИЗЪМ, ГР.СОФИЯ",1286,Организация на обслужването в хотелиерството - АЕ,(2 * БЕЛ + 2 * МАТ) + (1 * ГИ + 1 * БЗО),231
НАДЕЖДА,2214054,"54. СРЕДНО УЧИЛИЩЕ ""Свети ИВАН РИЛСКИ"", ГР.СОФИЯ",758,"Софтуерни и хардуерни науки - АЕ интензивно, РЕ",(2 * БЕЛ + 2 * МАТ) + (1 * М + 1 * КМИТ),224
СЕРДИКА,2220014,"14. средно училище ""Проф. д-р Асен Златаров"", ГР.СОФИЯ",1312,"Обществени науки - АЕ, РЕ",(3 * БЕЛ + 1 * МАТ) + (1 * БЕЛ + 1 * ГИ),223.5
ЛЮЛИН,2212040,"40 Средно училище  ""Луи Пастьор"", ГР.СОФИЯ",508,"Софтуерни и хардуерни науки - АЕ интензивно, РЕ",(2 * БЕЛ + 2 * МАТ) + (1 * КМИТ + 1 * ЧЕз),219
ПОДУЯНЕ,2219095,"95 СУ ""Проф. Иван Шишманов"", ГР.СОФИЯ",2359,Бизнес администрация - РЕ интензивно; АЕ,(3 * БЕЛ + 1 * МАТ) + (1 * БЕЛ + 1 * ЧЕз),218.75
ЛЮЛИН,2212040,"40 Средно училище  ""Луи Пастьор"", ГР.СОФИЯ",3883,"Компютърна графика - АЕ, РЕ",(2 * БЕЛ + 2 * МАТ) + (1 * КМИТ + 1 * ЧЕз),217
ИЛИНДЕН,2206410,"ПРОФЕСИОНАЛНА ГИМНАЗИЯ ПО ВИСОКИ ТЕХНОЛОГИИ ""А. С. ПОПОВ"", ГР.СОФИЯ",5005,Микропроцесорна техника АЕ - разширено; втори ЧЕ - Испански език,(1 * БЕЛ + 3 * МАТ) + (1 * М + 1 * КМИТ),217
ОВЧА КУПЕЛ,2217088,"88. Средно училище  ""Димитър Попниколов"", ГР.СОФИЯ",1353,Чужди езици - АЕ интензивно,(2 * БЕЛ + 2 * МАТ) + (1 * БЕЛ + 1 * М),217
ОБОРИЩЕ,2216423,"СОФИЙСКА ПРОФЕСИОНАЛНА ГИМНАЗИЯ ПО ТУРИЗЪМ, ГР.СОФИЯ",1277,Кетъринг - РЕ,(2 * БЕЛ + 2 * МАТ) + (1 * ГИ + 1 * БЗО),215
ВЪЗРАЖДАНЕ,2204403,"ПРОФЕСИОНАЛНА ГИМНАЗИЯ  ПО ТЕКСТИЛНИ И КОЖЕНИ ИЗДЕЛИЯ, ГР.СОФИЯ",4827,Бутикови облекла,(3 * БЕЛ + 1 * МАТ) + (1 * ИИ + 1 * КМИТ),213.5
КРАСНО СЕЛО,2209132,"132. Средно училище  ""Ваня Войнова"", ГР.СОФИЯ",424,Помощник-инструктор по спортно туристическа дейност - АЕ,(3 * БЕЛ + 1 * МАТ) + (1 * ФВС + 1 * ЧЕз),213.5
ОБОРИЩЕ,2216423,"СОФИЙСКА ПРОФЕСИОНАЛНА ГИМНАЗИЯ ПО ТУРИЗЪМ, ГР.СОФИЯ",1284,Производство и обслужване в заведенията за хранене и развлечения - НЕ,(2 * БЕЛ + 2 * МАТ) + (1 * ГИ + 1 * БЗО),213
ИЛИНДЕН,2206409,"Професионална гимназия по транспорт и енергетика ""Хенри Форд"", ГР.СОФИЯ",2376,Автотранспортна техника (дуална) - АЕ,(2 * БЕЛ + 2 * МАТ) + (1 * ФА + 1 * КМИТ),210.5
ЛЮЛИН,2212137,"137 средно училище  ""Ангел Кънчев"", ГР.СОФИЯ",1838,"Хуманитарни науки - АЕ интензивно, НЕ",(3 * БЕЛ + 1 * МАТ) + (1 * БЕЛ + 1 * ИЦ),210
ОВЧА КУПЕЛ,2217424,"ПРОФЕСИОНАЛНА ГИМНАЗИЯ  ПО ЕЛЕКТРОТЕХНИКА И АВТОМАТИКА, ГР.СОФИЯ",3864,Програмиране на изкуствен интелект - АЕ,(2 * БЕЛ + 2 * МАТ) + (1 * КМИТ + 1 * ЧЕз),210
ЛЮЛИН,2212096,"96 Средно училище ""Лев Николаевич Толстой"", ГР.СОФИЯ",4109,"Софтуерни и хардуерни науки - АЕ интензивно, ИЕ/РЕ",(2 * БЕЛ + 2 * МАТ) + (1 * КМИТ + 1 * ЧЕз),208
ИСКЪР,2207068,"68. Средно училище ""Академик Никола Обрешков"", ГР.СОФИЯ",2629,Софтуерни и хардуерни науки - АЕ разширено,(2 * БЕЛ + 2 * МАТ) + (1 * КМИТ + 1 * ЧЕз),207
МЛАДОСТ,2213039,"39 Средно училище ""Петър Динеков"", ГР.СОФИЯ",4447,"Предприемачески - АЕ разширено, РЕ/ИЕ",(2 * БЕЛ + 2 * МАТ) + (1 * БЕЛ + 1 * КМИТ),207
ИЛИНДЕН,2206410,"ПРОФЕСИОНАЛНА ГИМНАЗИЯ ПО ВИСОКИ ТЕХНОЛОГИИ ""А. С. ПОПОВ"", ГР.СОФИЯ",2756,Телекомуникационни системи - АЕ - разширено; втори ЧЕ - Руски език,(1 * БЕЛ + 3 * МАТ) + (1 * М + 1 * КМИТ),204.75
ОВЧА КУПЕЛ,2217149,"149  Средно училище ,,Иван Хаджийски"", ГР.СОФИЯ",1060,"Софтуерни и хардуерни науки - АЕ интензивно, НЕ",(3 * БЕЛ + 1 * МАТ) + (1 * КМИТ + 1 * ЧЕз),200.5
ЛЮЛИН,2212096,"96 Средно училище ""Лев Николаевич Толстой"", ГР.СОФИЯ",4449,"Обществени науки - ИЕ интензивно, АЕ/РЕ",(3 * БЕЛ + 1 * МАТ) + (1 * БЕЛ + 1 * ЧЕз),197.5
ЛЮЛИН,2212137,"137 средно училище  ""Ангел Кънчев"", ГР.СОФИЯ",1844,"Софтуерни и хардуерни науки - АЕ интензивно, НЕ",(2 * БЕЛ + 2 * МАТ) + (1 * БЕЛ + 1 * М),194
МЛАДОСТ,2213131,"131. СУ ""Климент Аркадиевич Тимирязев"", ГР.СОФИЯ",3905,"Бизнес администрация - АЕ, ИЕ",(2 * БЕЛ + 2 * МАТ) + (1 * БЕЛ + 1 * М),192
ПОДУЯНЕ,2219095,"95 СУ ""Проф. Иван Шишманов"", ГР.СОФИЯ",4818,"Екскурзоводско обслужване - АЕ интензивно, ИЕ",(3 * БЕЛ + 1 * МАТ) + (1 * БЕЛ + 1 * ГИ),191
ПОДУЯНЕ,2219095,"95 СУ ""Проф. Иван Шишманов"", ГР.СОФИЯ",3354,Предприемачески - АЕ интензивно; РЕ,(2 * БЕЛ + 2 * МАТ) + (1 * ГИ + 1 * КМИТ),190.5
КРАСНА ПОЛЯНА,2208135,"135 средно училище ""Ян Амос Коменски"", ГР.СОФИЯ",2783,Социална работа с деца и семейства в риск - АЕ,(2 * БЕЛ + 2 * МАТ) + (1 * БЕЛ + 1 * М),181
ИЛИНДЕН,2206409,"Професионална гимназия по транспорт и енергетика ""Хенри Форд"", ГР.СОФИЯ",2352,Топлоенергетика (дуална) - АЕ,(2 * БЕЛ + 2 * МАТ) + (1 * ФА + 1 * КМИТ),179
ЛЮЛИН,2212056,"56. Средно училище  ""Професор Константин Иречек"", ГР.СОФИЯ",3640,"Електронна търговия - АЕ, НЕ",(3 * БЕЛ + 1 * МАТ) + (1 * КМИТ + 1 * ЧЕз),172
ИСКЪР,2207412,"ПРОФЕСИОНАЛНА ГИМНАЗИЯ  ПО ТРАНСПОРТ, ГР.СОФИЯ",4808,"Митническа и данъчна администрация - АЕ, НЕ",(3 * БЕЛ + 1 * МАТ) + (1 * БЕЛ + 1 * КМИТ),171
ЛЮЛИН,2212056,"56. Средно училище  ""Професор Константин Иречек"", ГР.СОФИЯ",2200,"Икономическо развитие - АЕ интензивно, ИЕ",(3 * БЕЛ + 1 * МАТ) + (1 * ГИ + 1 * ЧЕз),169
ОВЧА КУПЕЛ,2217424,"ПРОФЕСИОНАЛНА ГИМНАЗИЯ  ПО ЕЛЕКТРОТЕХНИКА И АВТОМАТИКА, ГР.СОФИЯ",2133,Системно програмиране - АЕ,(2 * БЕЛ + 2 * МАТ) + (1 * КМИТ + 1 * ЧЕз),163
ВИТОША,2202401,"Професионална гимназия по екология и  биотехнологии ""Проф. д-р Асен Златаров"", ГР.СОФИЯ",909,Технологичен и микробиологичен контрол в химични производства - лаборант - АЕ,(2 * БЕЛ + 2 * МАТ) + (1 * БЗО + 1 * ХООС),161
БАНКЯ,2201078,"78. Средно училище  ""Христо Смирненски"", ГР.БАНКЯ",4798,"Софтуерни и хардуерни науки - АЕ интензивно, НЕ",(2 * БЕЛ + 2 * МАТ) + (1 * М + 1 * КМИТ),158
ИЛИНДЕН,2206409,"Професионална гимназия по транспорт и енергетика ""Хенри Форд"", ГР.СОФИЯ",2378,Електрически превозни средства - АЕ,(2 * БЕЛ + 2 * МАТ) + (1 * ФА + 1 * КМИТ),157
ОВЧА КУПЕЛ,2217088,"88. Средно училище  ""Димитър Попниколов"", ГР.СОФИЯ",1356,Туристическа анимация - АЕ интензивно,(2 * БЕЛ + 2 * МАТ) + (1 * БЕЛ + 1 * М),154
ИЛИНДЕН,2206409,"Професионална гимназия по транспорт и енергетика ""Хенри Форд"", ГР.СОФИЯ",2364,Автотранспортна техника - АЕ,(2 * БЕЛ + 2 * МАТ) + (1 * ФА + 1 * КМИТ),152.5
МЛАДОСТ,2213131,"131. СУ ""Климент Аркадиевич Тимирязев"", ГР.СОФИЯ",2449,Търговия на едро и дребно - АЕ,(2 * БЕЛ + 2 * МАТ) + (1 * М + 1 * ЧЕз),150
ВРЪБНИЦА,2203140,"140. СРЕДНО УЧИЛИЩЕ ""ИВАН БОГОРОВ"", ГР.СОФИЯ",1895,Български танци,(3 * БЕЛ + 1 * МАТ) + (1 * ИЦ + 1 * Муз.),148
ВИТОША,2202401,"Професионална гимназия по екология и  биотехнологии ""Проф. д-р Асен Златаров"", ГР.СОФИЯ",851,Екология и опазване на околната среда - АЕ,(2 * БЕЛ + 2 * МАТ) + (1 * БЗО + 1 * ХООС),147
ИЛИНДЕН,2206411,"Професионална гимназия по хранително-вкусови технологии ""Проф. д-р Георги Павлов"", ГР.СОФИЯ",3671,"Производство на месо, месни продукти и риба - оператор",(3 * БЕЛ + 1 * МАТ) + (1 * БЗО + 1 * ХООС),144.5
ОБОРИЩЕ,2216422,"Професионална гимназия по  механоелектротехника ""Н.Й.Вапцаров"", ГР.СОФИЯ",2177,Електрообзавеждане на производството - електромонтьор,(2 * БЕЛ + 2 * МАТ) + (1 * БЕЛ + 1 * М),141
КРАСНА ПОЛЯНА,2208028,"28 Средно училище  ""Алеко Константинов"", ГР.СОФИЯ",372,"Софтуерни и хардуерни науки - АЕ интензивно, ИЕ",(2 * БЕЛ + 2 * МАТ) + (1 * М + 1 * ФА),141
ИЛИНДЕН,2206409,"Професионална гимназия по транспорт и енергетика ""Хенри Форд"", ГР.СОФИЯ",1911,Промишлена електроника,(2 * БЕЛ + 2 * МАТ) + (1 * ФА + 1 * КМИТ),140.5
ИЛИНДЕН,2206411,"Професионална гимназия по хранително-вкусови технологии ""Проф. д-р Георги Павлов"", ГР.СОФИЯ",452,Производство и преработка на мляко и млечни продукти - АЕ,(3 * БЕЛ + 1 * МАТ) + (1 * БЗО + 1 * ХООС),139.5
ИСКЪР,2207412,"ПРОФЕСИОНАЛНА ГИМНАЗИЯ  ПО ТРАНСПОРТ, ГР.СОФИЯ",1656,"Митническа и данъчна администрация - АЕ, ИЕ",(3 * БЕЛ + 1 * МАТ) + (1 * БЕЛ + 1 * КМИТ),139
КРАСНА ПОЛЯНА,2208028,"28 Средно училище  ""Алеко Константинов"", ГР.СОФИЯ",4126,"Електронна търговия - АЕ интензивно, ИЕ",(2 * БЕЛ + 2 * МАТ) + (1 * БЕЛ + 1 * М),138
МЛАДОСТ,2213131,"131. СУ ""Климент Аркадиевич Тимирязев"", ГР.СОФИЯ",4460,"Бизнес администрация - ИЕ, АЕ",(2 * БЕЛ + 2 * МАТ) + (1 * БЕЛ + 1 * ЧЕз),138
ПОДУЯНЕ,2219095,"95 СУ ""Проф. Иван Шишманов"", ГР.СОФИЯ",2459,Природни науки - АЕ интензивно; РЕ,(1 * БЕЛ + 3 * МАТ) + (1 * БЗО + 1 * ХООС),135
ПАНЧАРЕВО,2218192,"192. СРЕДНО УЧИЛИЩЕ  ""ХРИСТО БОТЕВ"", С.БИСТРИЦА",2952,Туристическа анимация,(3 * БЕЛ + 1 * МАТ) + (1 * ГИ + 1 * ЧЕз),134.5
ИЛИНДЕН,2206409,"Професионална гимназия по транспорт и енергетика ""Хенри Форд"", ГР.СОФИЯ",2383,Експлоатация на автомобилния транспорт,(2 * БЕЛ + 2 * МАТ) + (1 * ФА + 1 * КМИТ),133.5
КРАСНА ПОЛЯНА,2208123,"123 Средно училищe ""Стефан Стамболов"", ГР.СОФИЯ",4004,Обществени науки,(3 * БЕЛ + 1 * МАТ) + (1 * ИЦ + 1 * ГИ),133
ИСКЪР,2207068,"68. Средно училище ""Академик Никола Обрешков"", ГР.СОФИЯ",4454,Софтуерни и хардуерни науки - АЕ интензивно,(2 * БЕЛ + 2 * МАТ) + (1 * КМИТ + 1 * ЧЕз),133
ЛЮЛИН,2212097,"97 Средно училище  ""Братя Миладинови"", ГР.СОФИЯ",3037,Търговия (дуална) - НЕ разширено,(3 * БЕЛ + 1 * МАТ) + (1 * ГИ + 1 * КМИТ),131.5
ВРЪБНИЦА,2203074,"74 СУ ""ГОЦЕ ДЕЛЧЕВ"", ГР.СОФИЯ",1771,Софтуерни и хардуерни науки - АЕ интензивно,(2 * БЕЛ + 2 * МАТ) + (1 * БЕЛ + 1 * М),130
БАНКЯ,2201400,"Професионална гимназия  по туризъм ""Алеко Константинов"", ГР.БАНКЯ",362,Производство на кулинарни изделия и напитки - готвач,(2 * БЕЛ + 2 * МАТ) + (1 * БЗО + 1 * ХООС),130
ОВЧА КУПЕЛ,2217424,"ПРОФЕСИОНАЛНА ГИМНАЗИЯ  ПО ЕЛЕКТРОТЕХНИКА И АВТОМАТИКА, ГР.СОФИЯ",2123,Компютърна техника и технологии - АЕ,(2 * БЕЛ + 2 * МАТ) + (1 * КМИТ + 1 * ЧЕз),129
ИСКЪР,2207412,"ПРОФЕСИОНАЛНА ГИМНАЗИЯ  ПО ТРАНСПОРТ, ГР.СОФИЯ",1665,"Спедиция транспортна и складова логистика - АЕ, НЕ",(2 * БЕЛ + 2 * МАТ) + (1 * БЕЛ + 1 * КМИТ),125
МЛАДОСТ,2213144,"144 Средно училище ""Народни будители"", ГР.СОФИЯ",1142,Български танци - АЕ,(1 * БЕЛ + 1 * МАТ + 2 * МиФВС) + (1 * БЕЛ + 1 * Муз.),124.6
ИЛИНДЕН,2206409,"Професионална гимназия по транспорт и енергетика ""Хенри Форд"", ГР.СОФИЯ",2357,Възобновяеми енергийни източници (дуална) - АЕ,(2 * БЕЛ + 2 * МАТ) + (1 * ФА + 1 * КМИТ),121
СЛАТИНА,2221430,"ПРОФЕСИОНАЛНА ГИМНАЗИЯ  ПО ТРАНСПОРТ ""МАКГАХАН"", ГР.СОФИЯ",2187,Спедиция транспортна и складова логистика - АЕ (дневна),(2 * БЕЛ + 2 * МАТ) + (1 * БЕЛ + 1 * М),115.5
БАНКЯ,2201400,"Професионална гимназия  по туризъм ""Алеко Константинов"", ГР.БАНКЯ",344,Организация на хотелиерството -  АЕ,(2 * БЕЛ + 2 * МАТ) + (1 * ИЦ + 1 * ГИ),115
СЛАТИНА,2221430,"ПРОФЕСИОНАЛНА ГИМНАЗИЯ  ПО ТРАНСПОРТ ""МАКГАХАН"", ГР.СОФИЯ",2178,Ремонт на летателни апарати - АЕ,(2 * БЕЛ + 2 * МАТ) + (1 * БЕЛ + 1 * М),114
ОВЧА КУПЕЛ,2217424,"ПРОФЕСИОНАЛНА ГИМНАЗИЯ  ПО ЕЛЕКТРОТЕХНИКА И АВТОМАТИКА, ГР.СОФИЯ",4333,Програмиране на роботи - АЕ,(2 * БЕЛ + 2 * МАТ) + (1 * КМИТ + 1 * ЧЕз),112.5
КРЕМИКОВЦИ,2210162,"162 Обединено училище ""Отец Паисий"", ГР.СОФИЯ",4591,Изобразително изкуство,(1 * БЕЛ + 1 * МАТ + 2 * ИИ) + (1 * БЕЛ + 1 * ИИ),110
СЛАТИНА,2221094,"94 СРЕДНО УЧИЛИЩЕ ""Димитър Страшимиров"", ГР.СОФИЯ",2539,Логистика на товари и услуги - куриер,(2 * БЕЛ + 2 * МАТ) + (1 * БЕЛ + 1 * ГИ),109
ИСКЪР,2207412,"ПРОФЕСИОНАЛНА ГИМНАЗИЯ  ПО ТРАНСПОРТ, ГР.СОФИЯ",1677,"Автомобилна мехатроника - АЕ, НЕ",(2 * БЕЛ + 2 * МАТ) + (1 * КМИТ + 1 * ТП),108
ОВЧА КУПЕЛ,2217066,"66 Средно училище ""Филип Станиславов"", ГР.СОФИЯ",3935,Бизнес администрация - АЕ интензивно,(3 * БЕЛ + 1 * МАТ) + (1 * КМИТ + 1 * ЧЕз),108
СЛАТИНА,2221430,"ПРОФЕСИОНАЛНА ГИМНАЗИЯ  ПО ТРАНСПОРТ ""МАКГАХАН"", ГР.СОФИЯ",2165,Автомобилна мехатроника - АЕ,(2 * БЕЛ + 2 * МАТ) + (1 * БЕЛ + 1 * М),101
СЛАТИНА,2221430,"ПРОФЕСИОНАЛНА ГИМНАЗИЯ  ПО ТРАНСПОРТ ""МАКГАХАН"", ГР.СОФИЯ",3500,Автотранспортна техника - техник АЕ,(2 * БЕЛ + 2 * МАТ) + (1 * БЕЛ + 1 * М),100
ОБОРИЩЕ,2216422,"Професионална гимназия по  механоелектротехника ""Н.Й.Вапцаров"", ГР.СОФИЯ",2193,Промишлена електроника - АЕ,(2 * БЕЛ + 2 * МАТ) + (1 * БЕЛ + 1 * М),98
ПОДУЯНЕ,2219130,"130. средно училище ""Стефан Караджа"", ГР.СОФИЯ",4713,Помощник-възпитател,(2 * БЕЛ + 2 * МАТ) + (1 * БЕЛ + 1 * БЗО),97
ЛЮЛИН,2212079,"79 средно училище ""Индира Ганди"", ГР.СОФИЯ",4199,"Софтуерни и хардуерни науки - АЕ интензивно, ИЕ",(2 * БЕЛ + 2 * МАТ) + (1 * М + 1 * КМИТ),96
ИЛИНДЕН,2206409,"Професионална гимназия по транспорт и енергетика ""Хенри Форд"", ГР.СОФИЯ",2349,"Подемно - транспортна техника, монтирана на пътни транспортни средства",(2 * БЕЛ + 2 * МАТ) + (1 * ФА + 1 * КМИТ),96
ИСКЪР,2207068,"68. Средно училище ""Академик Никола Обрешков"", ГР.СОФИЯ",3634,Природни науки - АЕ разширено,(2 * БЕЛ + 2 * МАТ) + (1 * БЗО + 1 * ХООС),96
ОВЧА КУПЕЛ,2217149,"149  Средно училище ,,Иван Хаджийски"", ГР.СОФИЯ",4456,"Електронна търговия - АЕ интензивно, НЕ",(2 * БЕЛ + 2 * МАТ) + (1 * ГИ + 1 * КМИТ),94
СЛАТИНА,2221430,"ПРОФЕСИОНАЛНА ГИМНАЗИЯ  ПО ТРАНСПОРТ ""МАКГАХАН"", ГР.СОФИЯ",3934,Електрически превозни средства - техник АЕ,(2 * БЕЛ + 2 * МАТ) + (1 * БЕЛ + 1 * М),94
ВЪЗРАЖДАНЕ,2204403,"ПРОФЕСИОНАЛНА ГИМНАЗИЯ  ПО ТЕКСТИЛНИ И КОЖЕНИ ИЗДЕЛИЯ, ГР.СОФИЯ",4274,Организация и технология на козметичните услуги,(3 * БЕЛ + 1 * МАТ) + (1 * БЗО + 1 * ИИ),91
ЛЮЛИН,2212090,"90 Средно училище  ""Генерал Хосе де Сан Мартин"", ГР.СОФИЯ",1384,"Предприемачески - ИЕ, АЕ",(2 * БЕЛ + 2 * МАТ) + (1 * ГИ + 1 * КМИТ),90
ЛЮЛИН,2212090,"90 Средно училище  ""Генерал Хосе де Сан Мартин"", ГР.СОФИЯ",1390,"Природни науки - АЕ, ИЕ",(2 * БЕЛ + 2 * МАТ) + (1 * БЗО + 1 * ХООС),90
ВЪЗРАЖДАНЕ,2204403,"ПРОФЕСИОНАЛНА ГИМНАЗИЯ  ПО ТЕКСТИЛНИ И КОЖЕНИ ИЗДЕЛИЯ, ГР.СОФИЯ",4507,Организация на туризма и свободното време - АЕ,(3 * БЕЛ + 1 * МАТ) + (1 * ГИ + 1 * ТП),89
КРАСНА ПОЛЯНА,2208017,"17 СУ ""Дамян Груев""  , ГР.СОФИЯ",2379,Туристическа анимация - АЕ,(3 * БЕЛ + 1 * МАТ) + (1 * ГИ + 1 * ЧЕз),89
ВИТОША,2202401,"Професионална гимназия по екология и  биотехнологии ""Проф. д-р Асен Златаров"", ГР.СОФИЯ",2591,Осигуряване на продуктова информация - НЕ,(2 * БЕЛ + 2 * МАТ) + (1 * БЗО + 1 * ХООС),89
ИЛИНДЕН,2206409,"Професионална гимназия по транспорт и енергетика ""Хенри Форд"", ГР.СОФИЯ",2343,Електрообзавеждане на ел. превозни средства за гр. транспорт (дуална),(2 * БЕЛ + 2 * МАТ) + (1 * ФА + 1 * КМИТ),88
ИСКЪР,2207069,"69 Средно  училище ""Димитър Маринов"", ГР.СОФИЯ",887,"Икономическо развитие - АЕ, НЕ",(2 * БЕЛ + 2 * МАТ) + (1 * М + 1 * ГИ),88
ОВЧА КУПЕЛ,2217424,"ПРОФЕСИОНАЛНА ГИМНАЗИЯ  ПО ЕЛЕКТРОТЕХНИКА И АВТОМАТИКА, ГР.СОФИЯ",2115,Компютърни мрежи - АЕ,(2 * БЕЛ + 2 * МАТ) + (1 * КМИТ + 1 * ЧЕз),88
КРЕМИКОВЦИ,2210085,"85 Средно училище ""Отец Паисий"", ГР.СОФИЯ",1929,"Търговия на едро и дребно - АЕ, РЕ",(3 * БЕЛ + 1 * МАТ) + (1 * БЕЛ + 1 * ГИ),86
ВРЪБНИЦА,2203074,"74 СУ ""ГОЦЕ ДЕЛЧЕВ"", ГР.СОФИЯ",1777,Природни науки - АЕ интензивно,(3 * БЕЛ + 1 * МАТ) + (1 * БЗО + 1 * ХООС),83
БАНКЯ,2201400,"Професионална гимназия  по туризъм ""Алеко Константинов"", ГР.БАНКЯ",358,Производство и обслужване в заведенията за хранене и развлечения - АЕ,(2 * БЕЛ + 2 * МАТ) + (1 * БЗО + 1 * ХООС),82
ОВЧА КУПЕЛ,2217426,"ПРОФЕСИОНАЛНА ГИМНАЗИЯ ""Д-Р СТАМЕН ГРИГОРОВ"", ГР.СОФИЯ",4731,Помощник - възпитател в отглеждането и възпитанието на деца,(2 * БЕЛ + 2 * МАТ) + (1 * БЕЛ + 1 * БЗО),82
КРАСНА ПОЛЯНА,2208413,"Софийска гимназия  по хлебни   и сладкарски технологии, ГР.СОФИЯ",547,"Производство на хляб хлебни и сладкарски изделия - АЕ, НЕ",(3 * БЕЛ + 1 * МАТ) + (1 * БЕЛ + 1 * БЗО),79
НАДЕЖДА,2214015,"15 Средно училище "" Адам Мицкевич"", ГР.СОФИЯ",4438,Митническо и данъчно обслужване,(2 * БЕЛ + 2 * МАТ) + (1 * БЕЛ + 1 * М),78
КРАСНА ПОЛЯНА,2208413,"Софийска гимназия  по хлебни   и сладкарски технологии, ГР.СОФИЯ",563,Декорация на сладкарски изделия - АЕ,(3 * БЕЛ + 1 * МАТ) + (1 * БЕЛ + 1 * ИИ),77
БАНКЯ,2201078,"78. Средно училище  ""Христо Смирненски"", ГР.БАНКЯ",463,Извършване на термални процедури - АЕ,(2 * БЕЛ + 2 * МАТ) + (1 * БЗО + 1 * ХООС),74
СЛАТИНА,2221094,"94 СРЕДНО УЧИЛИЩЕ ""Димитър Страшимиров"", ГР.СОФИЯ",2535,Производство на облекло от текстил,(2 * БЕЛ + 2 * МАТ) + (1 * БЕЛ + 1 * ИИ),72
СЛАТИНА,2221430,"ПРОФЕСИОНАЛНА ГИМНАЗИЯ  ПО ТРАНСПОРТ ""МАКГАХАН"", ГР.СОФИЯ",2212,Спедиция транспортна и складова логистика - АЕ (дуална),(2 * БЕЛ + 2 * МАТ) + (1 * БЕЛ + 1 * М),71
ИЛИНДЕН,2206409,"Професионална гимназия по транспорт и енергетика ""Хенри Форд"", ГР.СОФИЯ",2362,"Топлотехника - отоплителна, климатична, вентилационна и хладилна (дуална) - АЕ",(2 * БЕЛ + 2 * МАТ) + (1 * ФА + 1 * КМИТ),70
ЛЮЛИН,2212027,"27. Средно училище ""Акад. Георги Караславов"", ГР.СОФИЯ",2387,Софтуерни и хардуерни науки,(2 * БЕЛ + 2 * МАТ) + (1 * БЕЛ + 1 * М),68
ОВЧА КУПЕЛ,2217426,"ПРОФЕСИОНАЛНА ГИМНАЗИЯ ""Д-Р СТАМЕН ГРИГОРОВ"", ГР.СОФИЯ",2903,Цветарство,(2 * БЕЛ + 2 * МАТ) + (1 * БЗО + 1 * ХООС),64
ПОДУЯНЕ,2219130,"130. средно училище ""Стефан Караджа"", ГР.СОФИЯ",3506,"Икономическо развитие - АЕ, НЕ",(2 * БЕЛ + 2 * МАТ) + (1 * ГИ + 1 * ЧЕз),60
МЛАДОСТ,2213144,"144 Средно училище ""Народни будители"", ГР.СОФИЯ",1118,Музика - АЕ,(1 * БЕЛ + 1 * МАТ + 2 * МУЗ) + (1 * БЕЛ + 1 * Муз.),59.5
ВЪЗРАЖДАНЕ,2204405,"ПРОФЕСИОНАЛНА ГИМНАЗИЯ ПО ПОДЕМНА, СТРОИТЕЛНА И ТРАНСПОРТНА ТЕХНИКА, ГР.СОФИЯ",3562,Ръководител движение - АЕ,(2 * БЕЛ + 2 * МАТ) + (1 * БЕЛ + 1 * М),58
ВЪЗРАЖДАНЕ,2204403,"ПРОФЕСИОНАЛНА ГИМНАЗИЯ  ПО ТЕКСТИЛНИ И КОЖЕНИ ИЗДЕЛИЯ, ГР.СОФИЯ",4825,Сценичен костюм,(3 * БЕЛ + 1 * МАТ) + (1 * ИИ + 1 * КМИТ),54
КРАСНА ПОЛЯНА,2208123,"123 Средно училищe ""Стефан Стамболов"", ГР.СОФИЯ",631,Логистика на товари и услуги,(2 * БЕЛ + 2 * МАТ) + (1 * ГИ + 1 * КМИТ),54
НОВИ ИСКЪР,2215172,"172 Обединено училище ""Христо Ботев"", ГР.НОВИ ИСКЪР",2807,Производство на облекло от текстил,(2 * БЕЛ + 2 * МАТ) + (1 * ИИ + 1 * ТП),52
КРЕМИКОВЦИ,2210162,"162 Обединено училище ""Отец Паисий"", ГР.СОФИЯ",2956,Предприемачески,(2 * БЕЛ + 2 * МАТ) + (1 * ГИ + 1 * КМИТ),52
ВИТОША,2202401,"Професионална гимназия по екология и  биотехнологии ""Проф. д-р Асен Златаров"", ГР.СОФИЯ",874,Технология на фармацевтичните и парфюмерийно-козметични продукти - АЕ,(2 * БЕЛ + 2 * МАТ) + (1 * БЗО + 1 * ХООС),52
ИЛИНДЕН,2206113,"113 СУ ""САВА ФИЛАРЕТОВ"", ГР.СОФИЯ",1676,Продавач-консултант /АЕ/,(2 * БЕЛ + 2 * МАТ) + (1 * ГИ + 1 * ТП),48
ВЪЗРАЖДАНЕ,2204405,"ПРОФЕСИОНАЛНА ГИМНАЗИЯ ПО ПОДЕМНА, СТРОИТЕЛНА И ТРАНСПОРТНА ТЕХНИКА, ГР.СОФИЯ",3558,Локомотиви и вагони (дуална) - РЕ,(2 * БЕЛ + 2 * МАТ) + (1 * БЕЛ + 1 * М),44
КРЕМИКОВЦИ,2210117,"117. СУ, ГР.СОФИЯ",975,Предприемачески,(3 * БЕЛ + 1 * МАТ) + (1 * КМИТ + 1 * ЧЕз),41
ЛЮЛИН,2212079,"79 средно училище ""Индира Ганди"", ГР.СОФИЯ",4201,"Софтуерни и хардуерни науки - АЕ разширено, ИЕ",(2 * БЕЛ + 2 * МАТ) + (1 * М + 1 * КМИТ),41
НАДЕЖДА,2214015,"15 Средно училище "" Адам Мицкевич"", ГР.СОФИЯ",2582,Предприемачески - АЕ,(2 * БЕЛ + 2 * МАТ) + (1 * БЕЛ + 1 * М),36
ПОДУЯНЕ,2219024,"24 Средно училище  ""П.К.Яворов"", ГР.СОФИЯ",2439,Предприемачески,(2 * БЕЛ + 2 * МАТ) + (1 * ГИ + 1 * ЧЕз),30
ВЪЗРАЖДАНЕ,2204405,"ПРОФЕСИОНАЛНА ГИМНАЗИЯ ПО ПОДЕМНА, СТРОИТЕЛНА И ТРАНСПОРТНА ТЕХНИКА, ГР.СОФИЯ",2524,Пътно-строителна техника - АЕ,(2 * БЕЛ + 2 * МАТ) + (1 * БЕЛ + 1 * М),30
ОВЧА КУПЕЛ,2217426,"ПРОФЕСИОНАЛНА ГИМНАЗИЯ ""Д-Р СТАМЕН ГРИГОРОВ"", ГР.СОФИЯ",4727,Ветеринарен лаборант - разширено изучаване на АЕ,(2 * БЕЛ + 2 * МАТ) + (1 * БЗО + 1 * ХООС),30
КРАСНА ПОЛЯНА,2208413,"Софийска гимназия  по хлебни   и сладкарски технологии, ГР.СОФИЯ",4101,"Производство на хляб, хлебни и сладкарски изделия - АЕ, ИспанскиЕ",(3 * БЕЛ + 1 * МАТ) + (1 * БЕЛ + 1 * БЗО),30
ПАНЧАРЕВО,2218071,"71 Средно училище ""Пейо Яворов"", С.КАЗИЧЕНЕ",4445,Предприемачески,(2 * БЕЛ + 2 * МАТ) + (1 * КМИТ + 1 * ЧЕз),30
СЕРДИКА,2220059,"59 ОБЕДИНЕНО УЧИЛИЩЕ  ""ВАСИЛ ЛЕВСКИ"", ГР.СОФИЯ",1530,Готвач,(2 * БЕЛ + 2 * МАТ) + (1 * БЕЛ + 1 * ГИ),30
ИЛИНДЕН,2206113,"113 СУ ""САВА ФИЛАРЕТОВ"", ГР.СОФИЯ",1648,Продавач-консултант /РЕ/,(2 * БЕЛ + 2 * МАТ) + (1 * ГИ + 1 * ТП),30
НАДЕЖДА,2214015,"15 Средно училище "" Адам Мицкевич"", ГР.СОФИЯ",3015,Митническо и данъчно обслужване - АЕ,(2 * БЕЛ + 2 * МАТ) + (1 * БЕЛ + 1 * М),30
ЛЮЛИН,2212037,"37. Средно училище ""Райна Княгиня"", ГР.СОФИЯ",4471,"Търговия на едро и дребно - Испански език разширено, АЕ",(3 * БЕЛ + 1 * МАТ) + (1 * ГИ + 1 * КМИТ),30
ОВЧА КУПЕЛ,2217426,"ПРОФЕСИОНАЛНА ГИМНАЗИЯ ""Д-Р СТАМЕН ГРИГОРОВ"", ГР.СОФИЯ",2901,Трайни насаждения,(2 * БЕЛ + 2 * МАТ) + (1 * БЗО + 1 * ХООС),30
ИЛИНДЕН,2206411,"Професионална гимназия по хранително-вкусови технологии ""Проф. д-р Георги Павлов"", ГР.СОФИЯ",448,Производство на захар и захарни изделия - АЕ,(3 * БЕЛ + 1 * МАТ) + (1 * БЗО + 1 * ХООС),30
